0,0,0,0,0,0,0,0,0,0,0,0,0,0,0,0,0,0,0,0,0,0,0,0,0,0,0,0,0,0,0,0,0,0,0,0,0,0,0,0,0,0,0,0,0,0,0,0,0,0,0.5,1,1,1,1,1,1,1,1,1,1,1,1,1,1,1,1,1,1,1,1,1,1,1,1,1,1,1,1,1,1,1,1,1,1,1,1,1,1,1,1,1,1,1,1,1,1,1,1,1,1,
0,0,0,0,0,0,0,0,0,0,0,0,0,0,0,0,0,0,0,0,0,0,0,0,0,0,0,0,0,0,0,0,0,0,0,0,0,0,0,0,0,0,0,0,0,0,0,0,0,0,0.4375,0.9375,1,1,1,1,1,1,1,1,1,1,1,1,1,1,1,1,1,1,1,1,1,1,1,1,1,1,1,1,1,1,1,1,1,1,1,1,1,1,1,1,1,1,1,1,1,1,1,1,1,
0,0,0,0,0,0,0,0,0,0,0,0,0,0,0,0,0,0,0,0,0,0,0,0,0,0,0,0,0,0,0,0,0,0,0,0,0,0,0,0,0,0,0,0,0,0,0,0,0,0,0.382812,0.875,0.992188,1,1,1,1,1,1,1,1,1,1,1,1,1,1,1,1,1,1,1,1,1,1,1,1,1,1,1,1,1,1,1,1,1,1,1,1,1,1,1,1,1,1,1,1,1,1,1,1,
0,0,0,0,0,0,0,0,0,0,0,0,0,0,0,0,0,0,0,0,0,0,0,0,0,0,0,0,0,0,0,0,0,0,0,0,0,0,0,0,0,0,0,0,0,0,0,0,0,0,0.334961,0.813477,0.977539,0.999023,1,1,1,1,1,1,1,1,1,1,1,1,1,1,1,1,1,1,1,1,1,1,1,1,1,1,1,1,1,1,1,1,1,1,1,1,1,1,1,1,1,1,1,1,1,1,1,
0,0,0,0,0,0,0,0,0,0,0,0,0,0,0,0,0,0,0,0,0,0,0,0,0,0,0,0,0,0,0,0,0,0,0,0,0,0,0,0,0,0,0,0,0,0,0,0,0,0,0.293091,0.753662,0.957031,0.996338,0.999878,1,1,1,1,1,1,1,1,1,1,1,1,1,1,1,1,1,1,1,1,1,1,1,1,1,1,1,1,1,1,1,1,1,1,1,1,1,1,1,1,1,1,1,1,1,1,
0,0,0,0,0,0,0,0,0,0,0,0,0,0,0,0,0,0,0,0,0,0,0,0,0,0,0,0,0,0,0,0,0,0,0,0,0,0,0,0,0,0,0,0,0,0,0,0,0,0,0.256454,0.696091,0.93161,0.991425,0.999435,0.999985,1,1,1,1,1,1,1,1,1,1,1,1,1,1,1,1,1,1,1,1,1,1,1,1,1,1,1,1,1,1,1,1,1,1,1,1,1,1,1,1,1,1,1,1,1,
0,0,0,0,0,0,0,0,0,0,0,0,0,0,0,0,0,0,0,0,0,0,0,0,0,0,0,0,0,0,0,0,0,0,0,0,0,0,0,0,0,0,0,0,0,0,0,0,0,0,0.224398,0.641136,0.90217,0.983948,0.998434,0.999916,0.999998,1,1,1,1,1,1,1,1,1,1,1,1,1,1,1,1,1,1,1,1,1,1,1,1,1,1,1,1,1,1,1,1,1,1,1,1,1,1,1,1,1,1,1,1,
0,0,0,0,0,0,0,0,0,0,0,0,0,0,0,0,0,0,0,0,0,0,0,0,0,0,0,0,0,0,0,0,0,0,0,0,0,0,0,0,0,0,0,0,0,0,0,0,0,0,0.196348,0.589044,0.869541,0.973726,0.996623,0.999731,0.999988,1,1,1,1,1,1,1,1,1,1,1,1,1,1,1,1,1,1,1,1,1,1,1,1,1,1,1,1,1,1,1,1,1,1,1,1,1,1,1,1,1,1,1,1,
0,0,0,0,0,0,0,0,0,0,0,0,0,0,0,0,0,0,0,0,0,0,0,0,0,0,0,0,0,0,0,0,0,0,0,0,0,0,0,0,0,0,0,0,0,0,0,0,0,0,0.171804,0.539957,0.834479,0.960702,0.993761,0.999342,0.999956,0.999998,1,1,1,1,1,1,1,1,1,1,1,1,1,1,1,1,1,1,1,1,1,1,1,1,1,1,1,1,1,1,1,1,1,1,1,1,1,1,1,1,1,1,1,
0,0,0,0,0,0,0,0,0,0,0,0,0,0,0,0,0,0,0,0,0,0,0,0,0,0,0,0,0,0,0,0,0,0,0,0,0,0,0,0,0,0,0,0,0,0,0,0,0,0,0.150329,0.493938,0.797664,0.944925,0.989629,0.998645,0.999879,0.999993,1,1,1,1,1,1,1,1,1,1,1,1,1,1,1,1,1,1,1,1,1,1,1,1,1,1,1,1,1,1,1,1,1,1,1,1,1,1,1,1,1,1,1,
0,0,0,0,0,0,0,0,0,0,0,0,0,0,0,0,0,0,0,0,0,0,0,0,0,0,0,0,0,0,0,0,0,0,0,0,0,0,0,0,0,0,0,0,0,0,0,0,0,0,0.131538,0.450987,0.759698,0.926517,0.984041,0.997518,0.999725,0.999979,0.999999,1,1,1,1,1,1,1,1,1,1,1,1,1,1,1,1,1,1,1,1,1,1,1,1,1,1,1,1,1,1,1,1,1,1,1,1,1,1,1,1,1,1,
0,0,0,0,0,0,0,0,0,0,0,0,0,0,0,0,0,0,0,0,0,0,0,0,0,0,0,0,0,0,0,0,0,0,0,0,0,0,0,0,0,0,0,0,0,0,0,0,0,0,0.115096,0.411056,0.721109,0.905665,0.97685,0.995833,0.999449,0.999947,0.999996,1,1,1,1,1,1,1,1,1,1,1,1,1,1,1,1,1,1,1,1,1,1,1,1,1,1,1,1,1,1,1,1,1,1,1,1,1,1,1,1,1,1,
0,0,0,0,0,0,0,0,0,0,0,0,0,0,0,0,0,0,0,0,0,0,0,0,0,0,0,0,0,0,0,0,0,0,0,0,0,0,0,0,0,0,0,0,0,0,0,0,0,0,0.100709,0.374061,0.682352,0.882595,0.967952,0.99346,0.998997,0.999885,0.99999,0.999999,1,1,1,1,1,1,1,1,1,1,1,1,1,1,1,1,1,1,1,1,1,1,1,1,1,1,1,1,1,1,1,1,1,1,1,1,1,1,1,1,1,
0,0,0,0,0,0,0,0,0,0,0,0,0,0,0,0,0,0,0,0,0,0,0,0,0,0,0,0,0,0,0,0,0,0,0,0,0,0,0,0,0,0,0,0,0,0,0,0,0,0,0.08812,0.339892,0.643816,0.857565,0.957282,0.990272,0.998305,0.999774,0.999977,0.999998,1,1,1,1,1,1,1,1,1,1,1,1,1,1,1,1,1,1,1,1,1,1,1,1,1,1,1,1,1,1,1,1,1,1,1,1,1,1,1,1,1,
0,0,0,0,0,0,0,0,0,0,0,0,0,0,0,0,0,0,0,0,0,0,0,0,0,0,0,0,0,0,0,0,0,0,0,0,0,0,0,0,0,0,0,0,0,0,0,0,0,0,0.077105,0.30842,0.605825,0.830846,0.944818,0.986148,0.997301,0.99959,0.999952,0.999996,1,1,1,1,1,1,1,1,1,1,1,1,1,1,1,1,1,1,1,1,1,1,1,1,1,1,1,1,1,1,1,1,1,1,1,1,1,1,1,1,1,
0,0,0,0,0,0,0,0,0,0,0,0,0,0,0,0,0,0,0,0,0,0,0,0,0,0,0,0,0,0,0,0,0,0,0,0,0,0,0,0,0,0,0,0,0,0,0,0,0,0,0.0674669,0.279506,0.56865,0.802719,0.930571,0.980982,0.995907,0.999304,0.999906,0.99999,0.999999,1,1,1,1,1,1,1,1,1,1,1,1,1,1,1,1,1,1,1,1,1,1,1,1,1,1,1,1,1,1,1,1,1,1,1,1,1,1,1,1,
0,0,0,0,0,0,0,0,0,0,0,0,0,0,0,0,0,0,0,0,0,0,0,0,0,0,0,0,0,0,0,0,0,0,0,0,0,0,0,0,0,0,0,0,0,0,0,0,0,0,0.0590335,0.253001,0.532507,0.77346,0.91459,0.97468,0.994041,0.998879,0.999831,0.99998,0.999998,1,1,1,1,1,1,1,1,1,1,1,1,1,1,1,1,1,1,1,1,1,1,1,1,1,1,1,1,1,1,1,1,1,1,1,1,1,1,1,1,
0,0,0,0,0,0,0,0,0,0,0,0,0,0,0,0,0,0,0,0,0,0,0,0,0,0,0,0,0,0,0,0,0,0,0,0,0,0,0,0,0,0,0,0,0,0,0,0,0,0,0.0516544,0.228755,0.497568,0.743341,0.896948,0.967169,0.991621,0.998274,0.999712,0.999961,0.999996,1,1,1,1,1,1,1,1,1,1,1,1,1,1,1,1,1,1,1,1,1,1,1,1,1,1,1,1,1,1,1,1,1,1,1,1,1,1,1,1,
0,0,0,0,0,0,0,0,0,0,0,0,0,0,0,0,0,0,0,0,0,0,0,0,0,0,0,0,0,0,0,0,0,0,0,0,0,0,0,0,0,0,0,0,0,0,0,0,0,0,0.0451976,0.206617,0.463967,0.712619,0.877747,0.958392,0.988564,0.997443,0.999532,0.99993,0.999991,0.999999,1,1,1,1,1,1,1,1,1,1,1,1,1,1,1,1,1,1,1,1,1,1,1,1,1,1,1,1,1,1,1,1,1,1,1,1,1,1,1,
0,0,0,0,0,0,0,0,0,0,0,0,0,0,0,0,0,0,0,0,0,0,0,0,0,0,0,0,0,0,0,0,0,0,0,0,0,0,0,0,0,0,0,0,0,0,0,0,0,0,0.0395479,0.18644,0.431798,0.681538,0.857106,0.948311,0.984793,0.996333,0.999271,0.99988,0.999984,0.999998,1,1,1,1,1,1,1,1,1,1,1,1,1,1,1,1,1,1,1,1,1,1,1,1,1,1,1,1,1,1,1,1,1,1,1,1,1,1,1,
0,0,0,0,0,0,0,0,0,0,0,0,0,0,0,0,0,0,0,0,0,0,0,0,0,0,0,0,0,0,0,0,0,0,0,0,0,0,0,0,0,0,0,0,0,0,0,0,0,0,0.0346044,0.168078,0.401128,0.65032,0.83516,0.93691,0.980233,0.99489,0.998904,0.999804,0.999971,0.999996,1,1,1,1,1,1,1,1,1,1,1,1,1,1,1,1,1,1,1,1,1,1,1,1,1,1,1,1,1,1,1,1,1,1,1,1,1,1,1,
0,0,0,0,0,0,0,0,0,0,0,0,0,0,0,0,0,0,0,0,0,0,0,0,0,0,0,0,0,0,0,0,0,0,0,0,0,0,0,0,0,0,0,0,0,0,0,0,0,0,0.0302788,0.151394,0.371997,0.619171,0.812055,0.924192,0.974817,0.993058,0.998402,0.999692,0.99995,0.999993,0.999999,1,1,1,1,1,1,1,1,1,1,1,1,1,1,1,1,1,1,1,1,1,1,1,1,1,1,1,1,1,1,1,1,1,1,1,1,1,1,
0,0,0,0,0,0,0,0,0,0,0,0,0,0,0,0,0,0,0,0,0,0,0,0,0,0,0,0,0,0,0,0,0,0,0,0,0,0,0,0,0,0,0,0,0,0,0,0,0,0,0.026494,0.136255,0.344422,0.588274,0.787945,0.910175,0.968489,0.990778,0.997734,0.99953,0.999918,0.999988,0.999998,1,1,1,1,1,1,1,1,1,1,1,1,1,1,1,1,1,1,1,1,1,1,1,1,1,1,1,1,1,1,1,1,1,1,1,1,1,1,
0,0,0,0,0,0,0,0,0,0,0,0,0,0,0,0,0,0,0,0,0,0,0,0,0,0,0,0,0,0,0,0,0,0,0,0,0,0,0,0,0,0,0,0,0,0,0,0,0,0,0.0231822,0.122535,0.318401,0.557793,0.762986,0.894896,0.9612,0.987992,0.996865,0.999306,0.999869,0.999979,0.999997,1,1,1,1,1,1,1,1,1,1,1,1,1,1,1,1,1,1,1,1,1,1,1,1,1,1,1,1,1,1,1,1,1,1,1,1,1,1,
0,0,0,0,0,0,0,0,0,0,0,0,0,0,0,0,0,0,0,0,0,0,0,0,0,0,0,0,0,0,0,0,0,0,0,0,0,0,0,0,0,0,0,0,0,0,0,0,0,0,0.0202845,0.110116,0.293918,0.527869,0.737337,0.878407,0.952912,0.984643,0.995756,0.999001,0.999799,0.999965,0.999995,0.999999,1,1,1,1,1,1,1,1,1,1,1,1,1,1,1,1,1,1,1,1,1,1,1,1,1,1,1,1,1,1,1,1,1,1,1,1,1,
0,0,0,0,0,0,0,0,0,0,0,0,0,0,0,0,0,0,0,0,0,0,0,0,0,0,0,0,0,0,0,0,0,0,0,0,0,0,0,0,0,0,0,0,0,0,0,0,0,0,0.0177489,0.0988867,0.270942,0.498625,0.711153,0.860773,0.943599,0.980677,0.994367,0.998595,0.999699,0.999944,0.999991,0.999999,1,1,1,1,1,1,1,1,1,1,1,1,1,1,1,1,1,1,1,1,1,1,1,1,1,1,1,1,1,1,1,1,1,1,1,1,1,
0,0,0,0,0,0,0,0,0,0,0,0,0,0,0,0,0,0,0,0,0,0,0,0,0,0,0,0,0,0,0,0,0,0,0,0,0,0,0,0,0,0,0,0,0,0,0,0,0,0,0.0155303,0.0887445,0.249435,0.470165,0.684587,0.842071,0.933246,0.976042,0.992655,0.998067,0.999561,0.999914,0.999985,0.999998,1,1,1,1,1,1,1,1,1,1,1,1,1,1,1,1,1,1,1,1,1,1,1,1,1,1,1,1,1,1,1,1,1,1,1,1,1,
0,0,0,0,0,0,0,0,0,0,0,0,0,0,0,0,0,0,0,0,0,0,0,0,0,0,0,0,0,0,0,0,0,0,0,0,0,0,0,0,0,0,0,0,0,0,0,0,0,0,0.013589,0.0795927,0.229349,0.442573,0.657784,0.822385,0.921849,0.970692,0.990579,0.99739,0.999374,0.99987,0.999976,0.999996,0.999999,1,1,1,1,1,1,1,1,1,1,1,1,1,1,1,1,1,1,1,1,1,1,1,1,1,1,1,1,1,1,1,1,1,1,1,1,
0,0,0,0,0,0,0,0,0,0,0,0,0,0,0,0,0,0,0,0,0,0,0,0,0,0,0,0,0,0,0,0,0,0,0,0,0,0,0,0,0,0,0,0,0,0,0,0,0,0,0.0118904,0.0713422,0.210629,0.41592,0.630883,0.80181,0.909416,0.964587,0.988093,0.996539,0.999126,0.999808,0.999963,0.999994,0.999999,1,1,1,1,1,1,1,1,1,1,1,1,1,1,1,1,1,1,1,1,1,1,1,1,1,1,1,1,1,1,1,1,1,1,1,1,
0,0,0,0,0,0,0,0,0,0,0,0,0,0,0,0,0,0,0,0,0,0,0,0,0,0,0,0,0,0,0,0,0,0,0,0,0,0,0,0,0,0,0,0,0,0,0,0,0,0,0.0104041,0.0639108,0.193219,0.390259,0.604013,0.780444,0.895965,0.95769,0.985155,0.995483,0.998803,0.999723,0.999944,0.99999,0.999998,1,1,1,1,1,1,1,1,1,1,1,1,1,1,1,1,1,1,1,1,1,1,1,1,1,1,1,1,1,1,1,1,1,1,1,1,
0,0,0,0,0,0,0,0,0,0,0,0,0,0,0,0,0,0,0,0,0,0,0,0,0,0,0,0,0,0,0,0,0,0,0,0,0,0,0,0,0,0,0,0,0,0,0,0,0,0,0.00910357,0.0572224,0.177055,0.365629,0.577294,0.75839,0.881525,0.949975,0.981722,0.994192,0.998388,0.999608,0.999916,0.999984,0.999997,1,1,1,1,1,1,1,1,1,1,1,1,1,1,1,1,1,1,1,1,1,1,1,1,1,1,1,1,1,1,1,1,1,1,1,1,
0,0,0,0,0,0,0,0,0,0,0,0,0,0,0,0,0,0,0,0,0,0,0,0,0,0,0,0,0,0,0,0,0,0,0,0,0,0,0,0,0,0,0,0,0,0,0,0,0,0,0.00796562,0.0512076,0.162076,0.342057,0.550835,0.735753,0.866133,0.941419,0.977753,0.992633,0.997863,0.999455,0.999877,0.999976,0.999996,0.999999,1,1,1,1,1,1,1,1,1,1,1,1,1,1,1,1,1,1,1,1,1,1,1,1,1,1,1,1,1,1,1,1,1,1,1,
0,0,0,0,0,0,0,0,0,0,0,0,0,0,0,0,0,0,0,0,0,0,0,0,0,0,0,0,0,0,0,0,0,0,0,0,0,0,0,0,0,0,0,0,0,0,0,0,0,0,0.00696992,0.0458023,0.148217,0.31956,0.524738,0.712639,0.849836,0.932008,0.973211,0.990773,0.99721,0.999256,0.999825,0.999963,0.999993,0.999999,1,1,1,1,1,1,1,1,1,1,1,1,1,1,1,1,1,1,1,1,1,1,1,1,1,1,1,1,1,1,1,1,1,1,1,
0,0,0,0,0,0,0,0,0,0,0,0,0,0,0,0,0,0,0,0,0,0,0,0,0,0,0,0,0,0,0,0,0,0,0,0,0,0,0,0,0,0,0,0,0,0,0,0,0,0,0.00609868,0.0409483,0.135416,0.298142,0.499091,0.689151,0.832686,0.921736,0.968061,0.988578,0.996405,0.999,0.999754,0.999946,0.999989,0.999998,1,1,1,1,1,1,1,1,1,1,1,1,1,1,1,1,1,1,1,1,1,1,1,1,1,1,1,1,1,1,1,1,1,1,1,
0,0,0,0,0,0,0,0,0,0,0,0,0,0,0,0,0,0,0,0,0,0,0,0,0,0,0,0,0,0,0,0,0,0,0,0,0,0,0,0,0,0,0,0,0,0,0,0,0,0,0.00533634,0.0365921,0.123607,0.277801,0.473972,0.665394,0.814744,0.910605,0.96227,0.986013,0.995427,0.998676,0.999659,0.999922,0.999984,0.999997,1,1,1,1,1,1,1,1,1,1,1,1,1,1,1,1,1,1,1,1,1,1,1,1,1,1,1,1,1,1,1,1,1,1,1,
0,0,0,0,0,0,0,0,0,0,0,0,0,0,0,0,0,0,0,0,0,0,0,0,0,0,0,0,0,0,0,0,0,0,0,0,0,0,0,0,0,0,0,0,0,0,0,0,0,0,0.0046693,0.0326851,0.11273,0.258527,0.449451,0.641466,0.796075,0.898622,0.955812,0.983045,0.99425,0.99827,0.999537,0.999889,0.999976,0.999995,0.999999,1,1,1,1,1,1,1,1,1,1,1,1,1,1,1,1,1,1,1,1,1,1,1,1,1,1,1,1,1,1,1,1,1,1,
0,0,0,0,0,0,0,0,0,0,0,0,0,0,0,0,0,0,0,0,0,0,0,0,0,0,0,0,0,0,0,0,0,0,0,0,0,0,0,0,0,0,0,0,0,0,0,0,0,0,0.00408564,0.0291831,0.102725,0.240302,0.425585,0.617464,0.776749,0.885804,0.948664,0.979641,0.992849,0.997767,0.999378,0.999845,0.999965,0.999993,0.999999,1,1,1,1,1,1,1,1,1,1,1,1,1,1,1,1,1,1,1,1,1,1,1,1,1,1,1,1,1,1,1,1,1,1,
0,0,0,0,0,0,0,0,0,0,0,0,0,0,0,0,0,0,0,0,0,0,0,0,0,0,0,0,0,0,0,0,0,0,0,0,0,0,0,0,0,0,0,0,0,0,0,0,0,0,0.00357493,0.0260459,0.0935319,0.223105,0.402425,0.593479,0.756839,0.872172,0.940806,0.975769,0.991198,0.997153,0.999177,0.999787,0.99995,0.99999,0.999998,1,1,1,1,1,1,1,1,1,1,1,1,1,1,1,1,1,1,1,1,1,1,1,1,1,1,1,1,1,1,1,1,1,1,
0,0,0,0,0,0,0,0,0,0,0,0,0,0,0,0,0,0,0,0,0,0,0,0,0,0,0,0,0,0,0,0,0,0,0,0,0,0,0,0,0,0,0,0,0,0,0,0,0,0,0.00312807,0.0232371,0.0850962,0.206908,0.38001,0.569597,0.736419,0.857756,0.932227,0.971399,0.98927,0.996408,0.998924,0.99971,0.99993,0.999985,0.999997,0.999999,1,1,1,1,1,1,1,1,1,1,1,1,1,1,1,1,1,1,1,1,1,1,1,1,1,1,1,1,1,1,1,1,1,
0,0,0,0,0,0,0,0,0,0,0,0,0,0,0,0,0,0,0,0,0,0,0,0,0,0,0,0,0,0,0,0,0,0,0,0,0,0,0,0,0,0,0,0,0,0,0,0,0,0,0.00273706,0.0207234,0.0773638,0.191682,0.358372,0.545899,0.715566,0.842588,0.922918,0.966502,0.987036,0.995516,0.998609,0.999612,0.999902,0.999978,0.999995,0.999999,1,1,1,1,1,1,1,1,1,1,1,1,1,1,1,1,1,1,1,1,1,1,1,1,1,1,1,1,1,1,1,1,1,
0,0,0,0,0,0,0,0,0,0,0,0,0,0,0,0,0,0,0,0,0,0,0,0,0,0,0,0,0,0,0,0,0,0,0,0,0,0,0,0,0,0,0,0,0,0,0,0,0,0,0.00239493,0.0184751,0.0702838,0.177392,0.337536,0.522458,0.694358,0.826711,0.912877,0.961054,0.984469,0.994456,0.998223,0.999487,0.999866,0.999968,0.999993,0.999999,1,1,1,1,1,1,1,1,1,1,1,1,1,1,1,1,1,1,1,1,1,1,1,1,1,1,1,1,1,1,1,1,1,
0,0,0,0,0,0,0,0,0,0,0,0,0,0,0,0,0,0,0,0,0,0,0,0,0,0,0,0,0,0,0,0,0,0,0,0,0,0,0,0,0,0,0,0,0,0,0,0,0,0,0.00209556,0.0164651,0.0638077,0.164004,0.317518,0.499343,0.67287,0.810166,0.902106,0.955032,0.981542,0.993208,0.997752,0.999329,0.999819,0.999956,0.99999,0.999998,1,1,1,1,1,1,1,1,1,1,1,1,1,1,1,1,1,1,1,1,1,1,1,1,1,1,1,1,1,1,1,1,1,
0,0,0,0,0,0,0,0,0,0,0,0,0,0,0,0,0,0,0,0,0,0,0,0,0,0,0,0,0,0,0,0,0,0,0,0,0,0,0,0,0,0,0,0,0,0,0,0,0,0,0.00183362,0.0146689,0.0578899,0.151479,0.298329,0.476615,0.651179,0.793004,0.890614,0.948416,0.978228,0.991749,0.997184,0.999132,0.999758,0.999939,0.999986,0.999997,0.999999,1,1,1,1,1,1,1,1,1,1,1,1,1,1,1,1,1,1,1,1,1,1,1,1,1,1,1,1,1,1,1,1,
0,0,0,0,0,0,0,0,0,0,0,0,0,0,0,0,0,0,0,0,0,0,0,0,0,0,0,0,0,0,0,0,0,0,0,0,0,0,0,0,0,0,0,0,0,0,0,0,0,0,0.00160441,0.0130645,0.0524872,0.13978,0.279972,0.454329,0.629359,0.775276,0.878412,0.941191,0.974502,0.990059,0.996505,0.998888,0.999679,0.999916,0.99998,0.999996,0.999999,1,1,1,1,1,1,1,1,1,1,1,1,1,1,1,1,1,1,1,1,1,1,1,1,1,1,1,1,1,1,1,1,
0,0,0,0,0,0,0,0,0,0,0,0,0,0,0,0,0,0,0,0,0,0,0,0,0,0,0,0,0,0,0,0,0,0,0,0,0,0,0,0,0,0,0,0,0,0,0,0,0,0,0.00140386,0.011632,0.0475594,0.128869,0.262448,0.432534,0.60748,0.757037,0.86552,0.933344,0.970338,0.988115,0.995699,0.99859,0.99958,0.999886,0.999972,0.999994,0.999999,1,1,1,1,1,1,1,1,1,1,1,1,1,1,1,1,1,1,1,1,1,1,1,1,1,1,1,1,1,1,1,1,
0,0,0,0,0,0,0,0,0,0,0,0,0,0,0,0,0,0,0,0,0,0,0,0,0,0,0,0,0,0,0,0,0,0,0,0,0,0,0,0,0,0,0,0,0,0,0,0,0,0,0.00122838,0.0103535,0.0430685,0.118705,0.245751,0.411274,0.585612,0.738342,0.85196,0.924866,0.965714,0.985893,0.994751,0.998229,0.999457,0.999848,0.999961,0.999991,0.999998,1,1,1,1,1,1,1,1,1,1,1,1,1,1,1,1,1,1,1,1,1,1,1,1,1,1,1,1,1,1,1,1,
0,0,0,0,0,0,0,0,0,0,0,0,0,0,0,0,0,0,0,0,0,0,0,0,0,0,0,0,0,0,0,0,0,0,0,0,0,0,0,0,0,0,0,0,0,0,0,0,0,0,0.00107483,0.00921284,0.0389791,0.109251,0.22987,0.390583,0.56382,0.719251,0.837758,0.915752,0.960608,0.98337,0.993644,0.997794,0.999303,0.999799,0.999947,0.999987,0.999997,0.999999,1,1,1,1,1,1,1,1,1,1,1,1,1,1,1,1,1,1,1,1,1,1,1,1,1,1,1,1,1,1,1,
0,0,0,0,0,0,0,0,0,0,0,0,0,0,0,0,0,0,0,0,0,0,0,0,0,0,0,0,0,0,0,0,0,0,0,0,0,0,0,0,0,0,0,0,0,0,0,0,0,0,0.000940478,0.00819559,0.0352583,0.100467,0.214793,0.370494,0.542165,0.699822,0.822944,0.906003,0.955001,0.980525,0.992359,0.997275,0.999115,0.999737,0.999929,0.999982,0.999996,0.999999,1,1,1,1,1,1,1,1,1,1,1,1,1,1,1,1,1,1,1,1,1,1,1,1,1,1,1,1,1,1,1,
0,0,0,0,0,0,0,0,0,0,0,0,0,0,0,0,0,0,0,0,0,0,0,0,0,0,0,0,0,0,0,0,0,0,0,0,0,0,0,0,0,0,0,0,0,0,0,0,0,0,0.000822918,0.0072887,0.0318755,0.0923156,0.200502,0.351032,0.520706,0.680115,0.807554,0.895621,0.948876,0.977334,0.99088,0.996661,0.998885,0.999659,0.999905,0.999976,0.999994,0.999999,1,1,1,1,1,1,1,1,1,1,1,1,1,1,1,1,1,1,1,1,1,1,1,1,1,1,1,1,1,1,1,
0,0,0,0,0,0,0,0,0,0,0,0,0,0,0,0,0,0,0,0,0,0,0,0,0,0,0,0,0,0,0,0,0,0,0,0,0,0,0,0,0,0,0,0,0,0,0,0,0,0,0.000720053,0.00648048,0.0288021,0.0847606,0.186979,0.332215,0.499497,0.660189,0.791624,0.884612,0.942219,0.973777,0.989187,0.995938,0.998607,0.999562,0.999874,0.999967,0.999992,0.999998,1,1,1,1,1,1,1,1,1,1,1,1,1,1,1,1,1,1,1,1,1,1,1,1,1,1,1,1,1,1,1,
0,0,0,0,0,0,0,0,0,0,0,0,0,0,0,0,0,0,0,0,0,0,0,0,0,0,0,0,0,0,0,0,0,0,0,0,0,0,0,0,0,0,0,0,0,0,0,0,0,0,0.000630047,0.00576043,0.0260119,0.0777657,0.174201,0.314061,0.478587,0.640102,0.775195,0.872989,0.935018,0.969832,0.987261,0.995094,0.998273,0.999443,0.999835,0.999955,0.999989,0.999997,0.999999,1,1,1,1,1,1,1,1,1,1,1,1,1,1,1,1,1,1,1,1,1,1,1,1,1,1,1,1,1,1,
0,0,0,0,0,0,0,0,0,0,0,0,0,0,0,0,0,0,0,0,0,0,0,0,0,0,0,0,0,0,0,0,0,0,0,0,0,0,0,0,0,0,0,0,0,0,0,0,0,0,0.000551291,0.00511913,0.0234805,0.0712965,0.162147,0.296578,0.458021,0.619913,0.758308,0.860765,0.927265,0.965481,0.985082,0.994115,0.997876,0.999297,0.999786,0.99994,0.999985,0.999996,0.999999,1,1,1,1,1,1,1,1,1,1,1,1,1,1,1,1,1,1,1,1,1,1,1,1,1,1,1,1,1,1,
0,0,0,0,0,0,0,0,0,0,0,0,0,0,0,0,0,0,0,0,0,0,0,0,0,0,0,0,0,0,0,0,0,0,0,0,0,0,0,0,0,0,0,0,0,0,0,0,0,0,0.000482379,0.00454815,0.0211853,0.0653195,0.150791,0.279774,0.437841,0.599676,0.741009,0.847958,0.918952,0.960704,0.982632,0.992986,0.997406,0.999119,0.999725,0.999921,0.999979,0.999995,0.999999,1,1,1,1,1,1,1,1,1,1,1,1,1,1,1,1,1,1,1,1,1,1,1,1,1,1,1,1,1,1,
0,0,0,0,0,0,0,0,0,0,0,0,0,0,0,0,0,0,0,0,0,0,0,0,0,0,0,0,0,0,0,0,0,0,0,0,0,0,0,0,0,0,0,0,0,0,0,0,0,0,0.000422082,0.00403993,0.0191057,0.0598027,0.140107,0.263651,0.418082,0.579447,0.723342,0.834589,0.910078,0.955485,0.979891,0.991692,0.996853,0.998905,0.999649,0.999896,0.999972,0.999993,0.999998,1,1,1,1,1,1,1,1,1,1,1,1,1,1,1,1,1,1,1,1,1,1,1,1,1,1,1,1,1,1,
0,0,0,0,0,0,0,0,0,0,0,0,0,0,0,0,0,0,0,0,0,0,0,0,0,0,0,0,0,0,0,0,0,0,0,0,0,0,0,0,0,0,0,0,0,0,0,0,0,0,0.000369322,0.0035877,0.0172225,0.0547156,0.130069,0.248208,0.398778,0.559276,0.705355,0.820683,0.900642,0.949809,0.97684,0.990217,0.996208,0.998648,0.999556,0.999865,0.999962,0.99999,0.999998,0.999999,1,1,1,1,1,1,1,1,1,1,1,1,1,1,1,1,1,1,1,1,1,1,1,1,1,1,1,1,1,
0,0,0,0,0,0,0,0,0,0,0,0,0,0,0,0,0,0,0,0,0,0,0,0,0,0,0,0,0,0,0,0,0,0,0,0,0,0,0,0,0,0,0,0,0,0,0,0,0,0,0.000323157,0.0031854,0.0155181,0.050029,0.12065,0.233441,0.379957,0.539214,0.687095,0.806267,0.890647,0.943663,0.973461,0.988545,0.995459,0.998343,0.999443,0.999827,0.99995,0.999987,0.999997,0.999999,1,1,1,1,1,1,1,1,1,1,1,1,1,1,1,1,1,1,1,1,1,1,1,1,1,1,1,1,1,
0,0,0,0,0,0,0,0,0,0,0,0,0,0,0,0,0,0,0,0,0,0,0,0,0,0,0,0,0,0,0,0,0,0,0,0,0,0,0,0,0,0,0,0,0,0,0,0,0,0,0.000282762,0.00282762,0.0139765,0.0457151,0.111822,0.219342,0.361643,0.519307,0.66861,0.791371,0.880099,0.937036,0.969736,0.986659,0.994595,0.997983,0.999305,0.999779,0.999935,0.999982,0.999995,0.999999,1,1,1,1,1,1,1,1,1,1,1,1,1,1,1,1,1,1,1,1,1,1,1,1,1,1,1,1,1,
0,0,0,0,0,0,0,0,0,0,0,0,0,0,0,0,0,0,0,0,0,0,0,0,0,0,0,0,0,0,0,0,0,0,0,0,0,0,0,0,0,0,0,0,0,0,0,0,0,0,0.000247417,0.00250951,0.0125829,0.0417478,0.103559,0.205902,0.343855,0.499599,0.649947,0.776026,0.869008,0.929919,0.965649,0.984544,0.993603,0.997559,0.99914,0.99972,0.999915,0.999976,0.999994,0.999998,1,1,1,1,1,1,1,1,1,1,1,1,1,1,1,1,1,1,1,1,1,1,1,1,1,1,1,1,1,
0,0,0,0,0,0,0,0,0,0,0,0,0,0,0,0,0,0,0,0,0,0,0,0,0,0,0,0,0,0,0,0,0,0,0,0,0,0,0,0,0,0,0,0,0,0,0,0,0,0,0.00021649,0.00222675,0.0113237,0.0381022,0.0958323,0.193109,0.326611,0.480131,0.631154,0.760266,0.857385,0.922305,0.961183,0.982182,0.99247,0.997065,0.998942,0.999647,0.999891,0.999969,0.999992,0.999998,1,1,1,1,1,1,1,1,1,1,1,1,1,1,1,1,1,1,1,1,1,1,1,1,1,1,1,1,1,
0,0,0,0,0,0,0,0,0,0,0,0,0,0,0,0,0,0,0,0,0,0,0,0,0,0,0,0,0,0,0,0,0,0,0,0,0,0,0,0,0,0,0,0,0,0,0,0,0,0,0.000189428,0.00197547,0.0101866,0.0347549,0.088616,0.18095,0.309923,0.460941,0.612276,0.744127,0.845246,0.91419,0.956323,0.979557,0.991184,0.99649,0.998708,0.999559,0.99986,0.999959,0.999989,0.999997,0.999999,1,1,1,1,1,1,1,1,1,1,1,1,1,1,1,1,1,1,1,1,1,1,1,1,1,1,1,1,
0,0,0,0,0,0,0,0,0,0,0,0,0,0,0,0,0,0,0,0,0,0,0,0,0,0,0,0,0,0,0,0,0,0,0,0,0,0,0,0,0,0,0,0,0,0,0,0,0,0,0.00016575,0.00175221,0.00916022,0.0316838,0.0818834,0.169408,0.293802,0.442064,0.593359,0.727645,0.832606,0.905572,0.951056,0.976653,0.989731,0.995827,0.998431,0.999453,0.999823,0.999947,0.999985,0.999996,0.999999,1,1,1,1,1,1,1,1,1,1,1,1,1,1,1,1,1,1,1,1,1,1,1,1,1,1,1,1,
0,0,0,0,0,0,0,0,0,0,0,0,0,0,0,0,0,0,0,0,0,0,0,0,0,0,0,0,0,0,0,0,0,0,0,0,0,0,0,0,0,0,0,0,0,0,0,0,0,0,0.000145031,0.0015539,0.00823422,0.0288684,0.0756085,0.158467,0.278252,0.423531,0.574447,0.71086,0.819486,0.896451,0.945371,0.973453,0.988096,0.995065,0.998105,0.999325,0.999776,0.999931,0.99998,0.999995,0.999999,1,1,1,1,1,1,1,1,1,1,1,1,1,1,1,1,1,1,1,1,1,1,1,1,1,1,1,1,
0,0,0,0,0,0,0,0,0,0,0,0,0,0,0,0,0,0,0,0,0,0,0,0,0,0,0,0,0,0,0,0,0,0,0,0,0,0,0,0,0,0,0,0,0,0,0,0,0,0,0.000126902,0.0013778,0.00739918,0.0262891,0.0697659,0.14811,0.263279,0.405371,0.555583,0.693808,0.805907,0.886831,0.939256,0.969943,0.986266,0.994194,0.997725,0.999172,0.99972,0.999912,0.999974,0.999993,0.999998,1,1,1,1,1,1,1,1,1,1,1,1,1,1,1,1,1,1,1,1,1,1,1,1,1,1,1,1,
0,0,0,0,0,0,0,0,0,0,0,0,0,0,0,0,0,0,0,0,0,0,0,0,0,0,0,0,0,0,0,0,0,0,0,0,0,0,0,0,0,0,0,0,0,0,0,0,0,0,0.000111039,0.00122143,0.0066465,0.0239279,0.0643313,0.138317,0.248883,0.38761,0.536806,0.67653,0.791895,0.876715,0.932703,0.966107,0.984225,0.993203,0.997284,0.998991,0.999652,0.999888,0.999966,0.999991,0.999998,0.999999,1,1,1,1,1,1,1,1,1,1,1,1,1,1,1,1,1,1,1,1,1,1,1,1,1,1,1,
0,0,0,0,0,0,0,0,0,0,0,0,0,0,0,0,0,0,0,0,0,0,0,0,0,0,0,0,0,0,0,0,0,0,0,0,0,0,0,0,0,0,0,0,0,0,0,0,0,0,9.71595e-05,0.00108263,0.00596837,0.0217677,0.0592809,0.129069,0.235062,0.370269,0.518157,0.659064,0.777474,0.866113,0.925704,0.961931,0.981961,0.992081,0.996774,0.998778,0.999569,0.999858,0.999956,0.999987,0.999997,0.999999,1,1,1,1,1,1,1,1,1,1,1,1,1,1,1,1,1,1,1,1,1,1,1,1,1,1,1,
0,0,0,0,0,0,0,0,0,0,0,0,0,0,0,0,0,0,0,0,0,0,0,0,0,0,0,0,0,0,0,0,0,0,0,0,0,0,0,0,0,0,0,0,0,0,0,0,0,0,8.50146e-05,0.00095945,0.00535765,0.0197928,0.0545918,0.120345,0.221813,0.353368,0.499671,0.641451,0.762673,0.855033,0.918255,0.957403,0.979457,0.990816,0.996187,0.998527,0.99947,0.999822,0.999944,0.999984,0.999995,0.999999,1,1,1,1,1,1,1,1,1,1,1,1,1,1,1,1,1,1,1,1,1,1,1,1,1,1,1,
0,0,0,0,0,0,0,0,0,0,0,0,0,0,0,0,0,0,0,0,0,0,0,0,0,0,0,0,0,0,0,0,0,0,0,0,0,0,0,0,0,0,0,0,0,0,0,0,0,0,7.43878e-05,0.000850146,0.00480788,0.0179884,0.0502419,0.112126,0.20913,0.336924,0.481383,0.623728,0.74752,0.843488,0.910352,0.95251,0.9767,0.989396,0.995516,0.998235,0.999352,0.999778,0.999929,0.999979,0.999994,0.999998,1,1,1,1,1,1,1,1,1,1,1,1,1,1,1,1,1,1,1,1,1,1,1,1,1,1,1,
0,0,0,0,0,0,0,0,0,0,0,0,0,0,0,0,0,0,0,0,0,0,0,0,0,0,0,0,0,0,0,0,0,0,0,0,0,0,0,0,0,0,0,0,0,0,0,0,0,0,6.50893e-05,0.000753176,0.00431316,0.0163408,0.0462102,0.104391,0.197004,0.320949,0.463325,0.605935,0.732046,0.831492,0.901994,0.94724,0.973676,0.987809,0.994751,0.997895,0.999213,0.999725,0.99991,0.999972,0.999992,0.999998,0.999999,1,1,1,1,1,1,1,1,1,1,1,1,1,1,1,1,1,1,1,1,1,1,1,1,1,1,
0,0,0,0,0,0,0,0,0,0,0,0,0,0,0,0,0,0,0,0,0,0,0,0,0,0,0,0,0,0,0,0,0,0,0,0,0,0,0,0,0,0,0,0,0,0,0,0,0,0,5.69531e-05,0.000667165,0.00386816,0.0148374,0.0424765,0.097118,0.185427,0.305456,0.445528,0.588109,0.716282,0.819061,0.893182,0.941584,0.970372,0.986042,0.993883,0.997502,0.999048,0.999661,0.999887,0.999965,0.99999,0.999997,0.999999,1,1,1,1,1,1,1,1,1,1,1,1,1,1,1,1,1,1,1,1,1,1,1,1,1,1,
0,0,0,0,0,0,0,0,0,0,0,0,0,0,0,0,0,0,0,0,0,0,0,0,0,0,0,0,0,0,0,0,0,0,0,0,0,0,0,0,0,0,0,0,0,0,0,0,0,0,4.9834e-05,0.000590889,0.00346804,0.0134662,0.0390216,0.0902878,0.174389,0.290453,0.428019,0.570286,0.700261,0.806214,0.883917,0.935534,0.966773,0.984084,0.992903,0.99705,0.998855,0.999584,0.999859,0.999955,0.999987,0.999996,0.999999,1,1,1,1,1,1,1,1,1,1,1,1,1,1,1,1,1,1,1,1,1,1,1,1,1,1,
0,0,0,0,0,0,0,0,0,0,0,0,0,0,0,0,0,0,0,0,0,0,0,0,0,0,0,0,0,0,0,0,0,0,0,0,0,0,0,0,0,0,0,0,0,0,0,0,0,0,4.36047e-05,0.000523257,0.0031084,0.0122164,0.0358272,0.0838795,0.163876,0.275945,0.410824,0.552503,0.684014,0.79297,0.874204,0.929082,0.962868,0.98192,0.9918,0.996531,0.998629,0.999493,0.999824,0.999943,0.999983,0.999995,0.999999,1,1,1,1,1,1,1,1,1,1,1,1,1,1,1,1,1,1,1,1,1,1,1,1,1,1,
0,0,0,0,0,0,0,0,0,0,0,0,0,0,0,0,0,0,0,0,0,0,0,0,0,0,0,0,0,0,0,0,0,0,0,0,0,0,0,0,0,0,0,0,0,0,0,0,0,0,3.81541e-05,0.0004633,0.00278525,0.0110779,0.0328759,0.077873,0.153877,0.261936,0.393964,0.534793,0.667575,0.77935,0.864049,0.922222,0.958645,0.979538,0.990565,0.99594,0.998367,0.999385,0.999783,0.999928,0.999978,0.999993,0.999998,1,1,1,1,1,1,1,1,1,1,1,1,1,1,1,1,1,1,1,1,1,1,1,1,1,1,
0,0,0,0,0,0,0,0,0,0,0,0,0,0,0,0,0,0,0,0,0,0,0,0,0,0,0,0,0,0,0,0,0,0,0,0,0,0,0,0,0,0,0,0,0,0,0,0,0,0,3.33849e-05,0.000410157,0.00249501,0.0100414,0.0301511,0.0722484,0.144376,0.248429,0.37746,0.517189,0.650977,0.765378,0.853462,0.91495,0.954092,0.976927,0.989187,0.995268,0.998063,0.999258,0.999733,0.99991,0.999971,0.999991,0.999998,0.999999,1,1,1,1,1,1,1,1,1,1,1,1,1,1,1,1,1,1,1,1,1,1,1,1,1,
0,0,0,0,0,0,0,0,0,0,0,0,0,0,0,0,0,0,0,0,0,0,0,0,0,0,0,0,0,0,0,0,0,0,0,0,0,0,0,0,0,0,0,0,0,0,0,0,0,0,2.92118e-05,0.000363061,0.0022344,0.00909806,0.0276374,0.0669862,0.13536,0.235422,0.361331,0.499723,0.634254,0.751078,0.842452,0.907264,0.9492,0.974072,0.987654,0.994508,0.997714,0.999108,0.999674,0.999888,0.999964,0.999989,0.999997,0.999999,1,1,1,1,1,1,1,1,1,1,1,1,1,1,1,1,1,1,1,1,1,1,1,1,1,
0,0,0,0,0,0,0,0,0,0,0,0,0,0,0,0,0,0,0,0,0,0,0,0,0,0,0,0,0,0,0,0,0,0,0,0,0,0,0,0,0,0,0,0,0,0,0,0,0,0,2.55603e-05,0.000321329,0.00200048,0.0082401,0.02532,0.0620676,0.126813,0.222914,0.345593,0.482424,0.617438,0.736475,0.83103,0.899163,0.943958,0.970963,0.985957,0.993651,0.997313,0.998934,0.999603,0.999861,0.999954,0.999986,0.999996,0.999999,1,1,1,1,1,1,1,1,1,1,1,1,1,1,1,1,1,1,1,1,1,1,1,1,1,
0,0,0,0,0,0,0,0,0,0,0,0,0,0,0,0,0,0,0,0,0,0,0,0,0,0,0,0,0,0,0,0,0,0,0,0,0,0,0,0,0,0,0,0,0,0,0,0,0,0,2.23653e-05,0.000284358,0.00179059,0.00746015,0.023185,0.0574741,0.11872,0.210902,0.330258,0.46532,0.600561,0.721595,0.819211,0.890646,0.938358,0.967588,0.984083,0.992689,0.996856,0.998732,0.999519,0.999829,0.999943,0.999982,0.999995,0.999998,1,1,1,1,1,1,1,1,1,1,1,1,1,1,1,1,1,1,1,1,1,1,1,1,1,
0,0,0,0,0,0,0,0,0,0,0,0,0,0,0,0,0,0,0,0,0,0,0,0,0,0,0,0,0,0,0,0,0,0,0,0,0,0,0,0,0,0,0,0,0,0,0,0,0,0,1.95696e-05,0.000251609,0.00160231,0.00675146,0.0212194,0.053188,0.111064,0.199379,0.315338,0.448437,0.583656,0.706466,0.807009,0.881717,0.932394,0.963934,0.982021,0.991614,0.996335,0.998497,0.999421,0.99979,0.999928,0.999977,0.999993,0.999998,0.999999,1,1,1,1,1,1,1,1,1,1,1,1,1,1,1,1,1,1,1,1,1,1,1,1,
0,0,0,0,0,0,0,0,0,0,0,0,0,0,0,0,0,0,0,0,0,0,0,0,0,0,0,0,0,0,0,0,0,0,0,0,0,0,0,0,0,0,0,0,0,0,0,0,0,0,1.71234e-05,0.000222604,0.00143347,0.00610781,0.0194109,0.0491919,0.10383,0.18834,0.300843,0.4318,0.566753,0.691115,0.794441,0.872378,0.92606,0.959991,0.97976,0.990414,0.995745,0.998227,0.999305,0.999744,0.999911,0.999971,0.999991,0.999997,0.999999,1,1,1,1,1,1,1,1,1,1,1,1,1,1,1,1,1,1,1,1,1,1,1,1,
0,0,0,0,0,0,0,0,0,0,0,0,0,0,0,0,0,0,0,0,0,0,0,0,0,0,0,0,0,0,0,0,0,0,0,0,0,0,0,0,0,0,0,0,0,0,0,0,0,0,1.4983e-05,0.000196919,0.00128211,0.00552352,0.017748,0.0454693,0.0970001,0.177776,0.28678,0.41543,0.549884,0.67557,0.781525,0.862636,0.919349,0.95575,0.977289,0.989083,0.995078,0.997916,0.999171,0.999689,0.99989,0.999963,0.999988,0.999997,0.999999,1,1,1,1,1,1,1,1,1,1,1,1,1,1,1,1,1,1,1,1,1,1,1,1,
0,0,0,0,0,0,0,0,0,0,0,0,0,0,0,0,0,0,0,0,0,0,0,0,0,0,0,0,0,0,0,0,0,0,0,0,0,0,0,0,0,0,0,0,0,0,0,0,0,0,1.31101e-05,0.000174177,0.00114647,0.00499334,0.01622,0.0420041,0.0905588,0.167679,0.273155,0.399349,0.533078,0.659859,0.768281,0.852497,0.91226,0.9512,0.974596,0.987608,0.994329,0.997562,0.999014,0.999624,0.999865,0.999954,0.999985,0.999996,0.999999,1,1,1,1,1,1,1,1,1,1,1,1,1,1,1,1,1,1,1,1,1,1,1,1,
0,0,0,0,0,0,0,0,0,0,0,0,0,0,0,0,0,0,0,0,0,0,0,0,0,0,0,0,0,0,0,0,0,0,0,0,0,0,0,0,0,0,0,0,0,0,0,0,0,0,1.14713e-05,0.000154044,0.00102493,0.00451249,0.0148166,0.0387811,0.0844894,0.158039,0.25997,0.383575,0.516362,0.644011,0.754728,0.84197,0.90479,0.946332,0.971672,0.985982,0.993489,0.997158,0.998832,0.999548,0.999835,0.999943,0.999981,0.999994,0.999998,1,1,1,1,1,1,1,1,1,1,1,1,1,1,1,1,1,1,1,1,1,1,1,1,
0,0,0,0,0,0,0,0,0,0,0,0,0,0,0,0,0,0,0,0,0,0,0,0,0,0,0,0,0,0,0,0,0,0,0,0,0,0,0,0,0,0,0,0,0,0,0,0,0,0,1.00374e-05,0.000136222,0.000916069,0.00407654,0.0135286,0.0357856,0.0787759,0.148845,0.247229,0.368124,0.499763,0.628055,0.740888,0.831065,0.896937,0.94114,0.968504,0.984193,0.99255,0.996699,0.998623,0.999459,0.999799,0.99993,0.999977,0.999993,0.999998,0.999999,1,1,1,1,1,1,1,1,1,1,1,1,1,1,1,1,1,1,1,1,1,1,1,
0,0,0,0,0,0,0,0,0,0,0,0,0,0,0,0,0,0,0,0,0,0,0,0,0,0,0,0,0,0,0,0,0,0,0,0,0,0,0,0,0,0,0,0,0,0,0,0,0,0,8.78275e-06,0.000120449,0.000818588,0.00368148,0.0123471,0.0330034,0.0734021,0.140087,0.234931,0.353012,0.483308,0.612019,0.726784,0.819793,0.888703,0.935614,0.965084,0.982232,0.991506,0.99618,0.998383,0.999354,0.999757,0.999913,0.999971,0.999991,0.999997,0.999999,1,1,1,1,1,1,1,1,1,1,1,1,1,1,1,1,1,1,1,1,1,1,1,
0,0,0,0,0,0,0,0,0,0,0,0,0,0,0,0,0,0,0,0,0,0,0,0,0,0,0,0,0,0,0,0,0,0,0,0,0,0,0,0,0,0,0,0,0,0,0,0,0,0,7.6849e-06,0.000106491,0.00073132,0.00332362,0.0112639,0.0304214,0.0683523,0.131751,0.223075,0.338252,0.467021,0.59593,0.712439,0.808167,0.88009,0.92975,0.9614,0.980089,0.990347,0.995596,0.998107,0.999233,0.999706,0.999894,0.999964,0.999988,0.999996,0.999999,1,1,1,1,1,1,1,1,1,1,1,1,1,1,1,1,1,1,1,1,1,1,1,
0,0,0,0,0,0,0,0,0,0,0,0,0,0,0,0,0,0,0,0,0,0,0,0,0,0,0,0,0,0,0,0,0,0,0,0,0,0,0,0,0,0,0,0,0,0,0,0,0,0,6.72429e-06,9.41401e-05,0.000653217,0.00299958,0.0102714,0.0280267,0.0636109,0.123826,0.21166,0.323855,0.450925,0.579816,0.697875,0.796201,0.871099,0.923543,0.957444,0.977753,0.989064,0.99494,0.997793,0.999092,0.999647,0.99987,0.999955,0.999985,0.999995,0.999999,1,1,1,1,1,1,1,1,1,1,1,1,1,1,1,1,1,1,1,1,1,1,1,
0,0,0,0,0,0,0,0,0,0,0,0,0,0,0,0,0,0,0,0,0,0,0,0,0,0,0,0,0,0,0,0,0,0,0,0,0,0,0,0,0,0,0,0,0,0,0,0,0,0,5.88375e-06,8.32131e-05,0.000583332,0.00270629,0.00936239,0.0258073,0.0591629,0.116299,0.200681,0.309831,0.435041,0.563705,0.683118,0.78391,0.861737,0.916987,0.953206,0.975214,0.98765,0.994205,0.997437,0.99893,0.999578,0.999842,0.999944,0.999981,0.999994,0.999998,0.999999,1,1,1,1,1,1,1,1,1,1,1,1,1,1,1,1,1,1,1,1,1,1,
0,0,0,0,0,0,0,0,0,0,0,0,0,0,0,0,0,0,0,0,0,0,0,0,0,0,0,0,0,0,0,0,0,0,0,0,0,0,0,0,0,0,0,0,0,0,0,0,0,0,5.14828e-06,7.35469e-05,0.000520817,0.00244092,0.00853038,0.0237517,0.0549934,0.109157,0.190133,0.296187,0.41939,0.547622,0.668191,0.771311,0.852009,0.910081,0.948679,0.972463,0.986096,0.993386,0.997033,0.998743,0.999497,0.999809,0.999932,0.999977,0.999992,0.999998,0.999999,1,1,1,1,1,1,1,1,1,1,1,1,1,1,1,1,1,1,1,1,1,1,
0,0,0,0,0,0,0,0,0,0,0,0,0,0,0,0,0,0,0,0,0,0,0,0,0,0,0,0,0,0,0,0,0,0,0,0,0,0,0,0,0,0,0,0,0,0,0,0,0,0,4.50475e-06,6.49971e-05,0.000464909,0.0022009,0.0077692,0.021849,0.0510882,0.102387,0.180011,0.28293,0.40399,0.531593,0.65312,0.758421,0.841921,0.902822,0.943854,0.96949,0.984392,0.992475,0.996577,0.998529,0.999402,0.99977,0.999916,0.999971,0.999991,0.999997,0.999999,1,1,1,1,1,1,1,1,1,1,1,1,1,1,1,1,1,1,1,1,1,1,
0,0,0,0,0,0,0,0,0,0,0,0,0,0,0,0,0,0,0,0,0,0,0,0,0,0,0,0,0,0,0,0,0,0,0,0,0,0,0,0,0,0,0,0,0,0,0,0,0,0,3.94166e-06,5.74356e-05,0.00041492,0.00198391,0.00707316,0.020089,0.0474333,0.0959744,0.170308,0.270065,0.388857,0.515643,0.637929,0.745258,0.831484,0.895209,0.938725,0.966286,0.982529,0.991464,0.996064,0.998285,0.999293,0.999724,0.999898,0.999964,0.999988,0.999996,0.999999,1,1,1,1,1,1,1,1,1,1,1,1,1,1,1,1,1,1,1,1,1,1,
0,0,0,0,0,0,0,0,0,0,0,0,0,0,0,0,0,0,0,0,0,0,0,0,0,0,0,0,0,0,0,0,0,0,0,0,0,0,0,0,0,0,0,0,0,0,0,0,0,0,3.44895e-06,5.07488e-05,0.000370234,0.00178778,0.006437,0.0184621,0.0440153,0.0899068,0.161016,0.257596,0.374008,0.499794,0.622643,0.731842,0.820706,0.887244,0.933286,0.96284,0.980499,0.990347,0.995489,0.998008,0.999167,0.99967,0.999876,0.999956,0.999985,0.999995,0.999999,1,1,1,1,1,1,1,1,1,1,1,1,1,1,1,1,1,1,1,1,1,1,
0,0,0,0,0,0,0,0,0,0,0,0,0,0,0,0,0,0,0,0,0,0,0,0,0,0,0,0,0,0,0,0,0,0,0,0,0,0,0,0,0,0,0,0,0,0,0,0,0,0,3.01783e-06,4.48363e-05,0.000330298,0.00161059,0.00585585,0.0169589,0.0408211,0.0841704,0.152128,0.245523,0.359457,0.484071,0.607287,0.718192,0.809598,0.878926,0.92753,0.959146,0.978291,0.989116,0.994847,0.997693,0.999022,0.999608,0.999851,0.999946,0.999981,0.999994,0.999998,0.999999,1,1,1,1,1,1,1,1,1,1,1,1,1,1,1,1,1,1,1,1,1,
0,0,0,0,0,0,0,0,0,0,0,0,0,0,0,0,0,0,0,0,0,0,0,0,0,0,0,0,0,0,0,0,0,0,0,0,0,0,0,0,0,0,0,0,0,0,0,0,0,0,2.6406e-06,3.9609e-05,0.000294616,0.00145055,0.00532519,0.015571,0.0378384,0.0787517,0.143633,0.233849,0.345215,0.468494,0.591885,0.704329,0.798172,0.87026,0.921455,0.955194,0.975898,0.987763,0.99413,0.997337,0.998856,0.999534,0.99982,0.999934,0.999977,0.999992,0.999998,0.999999,1,1,1,1,1,1,1,1,1,1,1,1,1,1,1,1,1,1,1,1,1,
0,0,0,0,0,0,0,0,0,0,0,0,0,0,0,0,0,0,0,0,0,0,0,0,0,0,0,0,0,0,0,0,0,0,0,0,0,0,0,0,0,0,0,0,0,0,0,0,0,0,2.31053e-06,3.4988e-05,0.00026274,0.00130606,0.00484086,0.0142903,0.0350549,0.0736375,0.135523,0.222572,0.331294,0.453084,0.576461,0.690274,0.786442,0.861249,0.915056,0.950977,0.97331,0.98628,0.993334,0.996936,0.998666,0.99945,0.999784,0.99992,0.999972,0.99999,0.999997,0.999999,1,1,1,1,1,1,1,1,1,1,1,1,1,1,1,1,1,1,1,1,1,
0,0,0,0,0,0,0,0,0,0,0,0,0,0,0,0,0,0,0,0,0,0,0,0,0,0,0,0,0,0,0,0,0,0,0,0,0,0,0,0,0,0,0,0,0,0,0,0,0,0,2.02171e-06,3.09033e-05,0.000234271,0.00117565,0.00439901,0.0131091,0.0324594,0.0688147,0.127787,0.211691,0.317704,0.437861,0.561039,0.676047,0.774421,0.851898,0.90833,0.946487,0.970518,0.984659,0.992453,0.996486,0.99845,0.999352,0.999743,0.999903,0.999965,0.999988,0.999996,0.999999,1,1,1,1,1,1,1,1,1,1,1,1,1,1,1,1,1,1,1,1,1,
0,0,0,0,0,0,0,0,0,0,0,0,0,0,0,0,0,0,0,0,0,0,0,0,0,0,0,0,0,0,0,0,0,0,0,0,0,0,0,0,0,0,0,0,0,0,0,0,0,0,1.769e-06,2.72931e-05,0.00020885,0.00105797,0.00399609,0.0120204,0.0300406,0.0642703,0.120416,0.201203,0.304452,0.422841,0.545642,0.661671,0.762124,0.842214,0.901276,0.941717,0.967514,0.982891,0.991478,0.995982,0.998205,0.999239,0.999694,0.999883,0.999957,0.999985,0.999995,0.999998,1,1,1,1,1,1,1,1,1,1,1,1,1,1,1,1,1,1,1,1,1,
0,0,0,0,0,0,0,0,0,0,0,0,0,0,0,0,0,0,0,0,0,0,0,0,0,0,0,0,0,0,0,0,0,0,0,0,0,0,0,0,0,0,0,0,0,0,0,0,0,0,1.54787e-06,2.41026e-05,0.000186155,0.000951833,0.00362883,0.0110173,0.0277881,0.0599916,0.113397,0.191104,0.291546,0.408042,0.530292,0.647167,0.749567,0.832202,0.893893,0.936662,0.96429,0.980969,0.990405,0.995419,0.997927,0.99911,0.999637,0.999859,0.999948,0.999982,0.999994,0.999998,0.999999,1,1,1,1,1,1,1,1,1,1,1,1,1,1,1,1,1,1,1,1,
0,0,0,0,0,0,0,0,0,0,0,0,0,0,0,0,0,0,0,0,0,0,0,0,0,0,0,0,0,0,0,0,0,0,0,0,0,0,0,0,0,0,0,0,0,0,0,0,0,0,1.35439e-06,2.12832e-05,0.000165899,0.000856123,0.0032942,0.0100938,0.0256917,0.0559661,0.106722,0.181391,0.278991,0.39348,0.515011,0.632558,0.736767,0.821873,0.886182,0.931316,0.960836,0.978884,0.989226,0.994792,0.997613,0.998962,0.999571,0.999831,0.999937,0.999978,0.999992,0.999998,0.999999,1,1,1,1,1,1,1,1,1,1,1,1,1,1,1,1,1,1,1,1,
0,0,0,0,0,0,0,0,0,0,0,0,0,0,0,0,0,0,0,0,0,0,0,0,0,0,0,0,0,0,0,0,0,0,0,0,0,0,0,0,0,0,0,0,0,0,0,0,0,0,1.18509e-06,1.87921e-05,0.000147822,0.000769845,0.00298944,0.00924382,0.023742,0.0521818,0.100377,0.172057,0.266791,0.379169,0.499819,0.617865,0.723741,0.811235,0.878143,0.925674,0.957146,0.976628,0.987933,0.994096,0.997261,0.998793,0.999495,0.999799,0.999924,0.999972,0.999991,0.999997,0.999999,1,1,1,1,1,1,1,1,1,1,1,1,1,1,1,1,1,1,1,1,
0,0,0,0,0,0,0,0,0,0,0,0,0,0,0,0,0,0,0,0,0,0,0,0,0,0,0,0,0,0,0,0,0,0,0,0,0,0,0,0,0,0,0,0,0,0,0,0,0,0,1.03695e-06,1.65913e-05,0.000131693,0.000692092,0.00271199,0.00846202,0.0219297,0.0486269,0.0943528,0.163097,0.254949,0.365122,0.484738,0.603109,0.710507,0.800298,0.86978,0.919733,0.953212,0.974193,0.98652,0.993326,0.996865,0.998602,0.999407,0.999761,0.999908,0.999966,0.999988,0.999996,0.999999,1,1,1,1,1,1,1,1,1,1,1,1,1,1,1,1,1,1,1,1,
0,0,0,0,0,0,0,0,0,0,0,0,0,0,0,0,0,0,0,0,0,0,0,0,0,0,0,0,0,0,0,0,0,0,0,0,0,0,0,0,0,0,0,0,0,0,0,0,0,0,9.07334e-07,1.4647e-05,0.000117305,0.000622042,0.00245951,0.00774327,0.0202462,0.0452897,0.0886371,0.154504,0.243468,0.35135,0.469786,0.588313,0.697082,0.789074,0.861094,0.913489,0.949027,0.97157,0.984979,0.992475,0.996423,0.998385,0.999306,0.999717,0.99989,0.999959,0.999986,0.999995,0.999998,1,1,1,1,1,1,1,1,1,1,1,1,1,1,1,1,1,1,1,1,
0,0,0,0,0,0,0,0,0,0,0,0,0,0,0,0,0,0,0,0,0,0,0,0,0,0,0,0,0,0,0,0,0,0,0,0,0,0,0,0,0,0,0,0,0,0,0,0,0,0,7.93917e-07,1.29295e-05,0.000104473,0.00055895,0.00222982,0.0070828,0.0186834,0.0421593,0.0832187,0.146271,0.232347,0.337865,0.454982,0.573497,0.683486,0.777575,0.852092,0.906939,0.944585,0.968753,0.983303,0.991538,0.995929,0.998139,0.999191,0.999665,0.999868,0.99995,0.999982,0.999994,0.999998,0.999999,1,1,1,1,1,1,1,1,1,1,1,1,1,1,1,1,1,1,1,
0,0,0,0,0,0,0,0,0,0,0,0,0,0,0,0,0,0,0,0,0,0,0,0,0,0,0,0,0,0,0,0,0,0,0,0,0,0,0,0,0,0,0,0,0,0,0,0,0,0,6.94678e-07,1.14126e-05,9.30301e-05,0.000502141,0.00202096,0.00647618,0.0172333,0.0392248,0.0780862,0.138389,0.221588,0.324675,0.440342,0.558682,0.669737,0.765814,0.842777,0.900083,0.939879,0.965732,0.981484,0.990509,0.99538,0.997863,0.99906,0.999606,0.999843,0.99994,0.999978,0.999992,0.999997,0.999999,1,1,1,1,1,1,1,1,1,1,1,1,1,1,1,1,1,1,1,
0,0,0,0,0,0,0,0,0,0,0,0,0,0,0,0,0,0,0,0,0,0,0,0,0,0,0,0,0,0,0,0,0,0,0,0,0,0,0,0,0,0,0,0,0,0,0,0,0,0,6.07843e-07,1.00728e-05,8.28279e-05,0.000451002,0.00183111,0.00591927,0.0158887,0.0364759,0.0732286,0.130851,0.211188,0.311789,0.425884,0.54389,0.655855,0.753804,0.833157,0.89292,0.934905,0.9625,0.979515,0.989381,0.994771,0.997553,0.99891,0.999538,0.999813,0.999928,0.999973,0.999991,0.999997,0.999999,1,1,1,1,1,1,1,1,1,1,1,1,1,1,1,1,1,1,1,
0,0,0,0,0,0,0,0,0,0,0,0,0,0,0,0,0,0,0,0,0,0,0,0,0,0,0,0,0,0,0,0,0,0,0,0,0,0,0,0,0,0,0,0,0,0,0,0,0,0,5.31863e-07,8.8897e-06,7.37335e-05,0.00040498,0.0016586,0.00540825,0.0146425,0.0339025,0.0686345,0.123649,0.201146,0.299214,0.411622,0.529139,0.64186,0.741561,0.823238,0.88545,0.929657,0.959051,0.977388,0.988147,0.994098,0.997205,0.99874,0.999459,0.999779,0.999914,0.999968,0.999989,0.999996,0.999999,1,1,1,1,1,1,1,1,1,1,1,1,1,1,1,1,1,1,1,
0,0,0,0,0,0,0,0,0,0,0,0,0,0,0,0,0,0,0,0,0,0,0,0,0,0,0,0,0,0,0,0,0,0,0,0,0,0,0,0,0,0,0,0,0,0,0,0,0,0,4.6538e-07,7.84497e-06,6.5628e-05,0.000363574,0.00150189,0.00493955,0.0134882,0.031495,0.064293,0.116772,0.191459,0.286956,0.397571,0.514449,0.62777,0.729098,0.813028,0.877673,0.924131,0.955376,0.975096,0.986803,0.993354,0.996817,0.998549,0.999369,0.999739,0.999897,0.999961,0.999986,0.999995,0.999998,0.999999,1,1,1,1,1,1,1,1,1,1,1,1,1,1,1,1,1,1,
0,0,0,0,0,0,0,0,0,0,0,0,0,0,0,0,0,0,0,0,0,0,0,0,0,0,0,0,0,0,0,0,0,0,0,0,0,0,0,0,0,0,0,0,0,0,0,0,0,0,4.07207e-07,6.92252e-06,5.84052e-05,0.000326331,0.0013596,0.00450984,0.0124196,0.0292441,0.0601932,0.110212,0.182123,0.275019,0.383744,0.49984,0.613605,0.716432,0.802537,0.869593,0.918324,0.951471,0.972631,0.985339,0.992535,0.996384,0.998332,0.999267,0.999693,0.999877,0.999953,0.999983,0.999994,0.999998,0.999999,1,1,1,1,1,1,1,1,1,1,1,1,1,1,1,1,1,1,
0,0,0,0,0,0,0,0,0,0,0,0,0,0,0,0,0,0,0,0,0,0,0,0,0,0,0,0,0,0,0,0,0,0,0,0,0,0,0,0,0,0,0,0,0,0,0,0,0,0,3.56306e-07,6.10811e-06,5.19698e-05,0.00029284,0.00123045,0.00411606,0.0114309,0.0271411,0.0563246,0.10396,0.173134,0.263407,0.370153,0.485328,0.599384,0.703579,0.791774,0.861211,0.912232,0.947327,0.969986,0.983751,0.991635,0.995903,0.998088,0.99915,0.999639,0.999854,0.999943,0.999979,0.999993,0.999997,0.999999,1,1,1,1,1,1,1,1,1,1,1,1,1,1,1,1,1,1,
0,0,0,0,0,0,0,0,0,0,0,0,0,0,0,0,0,0,0,0,0,0,0,0,0,0,0,0,0,0,0,0,0,0,0,0,0,0,0,0,0,0,0,0,0,0,0,0,0,0,3.11768e-07,5.38913e-06,4.62371e-05,0.000262731,0.00111324,0.00375536,0.0105165,0.0251773,0.0526766,0.0980052,0.164487,0.252122,0.35681,0.470931,0.585127,0.690554,0.780749,0.852531,0.905855,0.94294,0.967154,0.98203,0.99065,0.995369,0.997815,0.999017,0.999578,0.999827,0.999932,0.999975,0.999991,0.999997,0.999999,1,1,1,1,1,1,1,1,1,1,1,1,1,1,1,1,1,1,
0,0,0,0,0,0,0,0,0,0,0,0,0,0,0,0,0,0,0,0,0,0,0,0,0,0,0,0,0,0,0,0,0,0,0,0,0,0,0,0,0,0,0,0,0,0,0,0,0,0,2.72797e-07,4.75446e-06,4.11311e-05,0.00023567,0.00100693,0.00342509,0.0096714,0.0233447,0.0492392,0.0923392,0.156177,0.241168,0.343724,0.456666,0.570852,0.677376,0.769475,0.843558,0.899189,0.938305,0.964127,0.980171,0.989572,0.994779,0.99751,0.998867,0.999508,0.999796,0.999919,0.999969,0.999989,0.999996,0.999999,1,1,1,1,1,1,1,1,1,1,1,1,1,1,1,1,1,1,
0,0,0,0,0,0,0,0,0,0,0,0,0,0,0,0,0,0,0,0,0,0,0,0,0,0,0,0,0,0,0,0,0,0,0,0,0,0,0,0,0,0,0,0,0,0,0,0,0,0,2.38697e-07,4.19426e-06,3.6584e-05,0.000211352,0.000910523,0.00312282,0.00889061,0.0216355,0.0460024,0.0869517,0.148197,0.230544,0.330905,0.442548,0.556579,0.66406,0.757963,0.834298,0.892235,0.933415,0.960899,0.978165,0.988397,0.994128,0.997168,0.998697,0.999428,0.99976,0.999904,0.999963,0.999986,0.999995,0.999998,0.999999,1,1,1,1,1,1,1,1,1,1,1,1,1,1,1,1,1,
0,0,0,0,0,0,0,0,0,0,0,0,0,0,0,0,0,0,0,0,0,0,0,0,0,0,0,0,0,0,0,0,0,0,0,0,0,0,0,0,0,0,0,0,0,0,0,0,0,0,2.0886e-07,3.69981e-06,3.25353e-05,0.000189506,0.000823127,0.00284629,0.00816964,0.0200424,0.0429565,0.081833,0.140542,0.220251,0.31836,0.428593,0.542325,0.650625,0.746225,0.824756,0.884993,0.928268,0.957464,0.976007,0.987118,0.993412,0.996788,0.998506,0.999337,0.999719,0.999886,0.999956,0.999984,0.999994,0.999998,0.999999,1,1,1,1,1,1,1,1,1,1,1,1,1,1,1,1,1,
0,0,0,0,0,0,0,0,0,0,0,0,0,0,0,0,0,0,0,0,0,0,0,0,0,0,0,0,0,0,0,0,0,0,0,0,0,0,0,0,0,0,0,0,0,0,0,0,0,0,1.82753e-07,3.26344e-06,2.89309e-05,0.000169885,0.000743924,0.00259339,0.00750422,0.0185583,0.0400923,0.0769735,0.133203,0.210287,0.306096,0.414813,0.528109,0.637088,0.734275,0.81494,0.877463,0.922858,0.953814,0.973689,0.985729,0.992625,0.996366,0.998291,0.999233,0.999671,0.999865,0.999947,0.99998,0.999993,0.999998,0.999999,1,1,1,1,1,1,1,1,1,1,1,1,1,1,1,1,1,
0,0,0,0,0,0,0,0,0,0,0,0,0,0,0,0,0,0,0,0,0,0,0,0,0,0,0,0,0,0,0,0,0,0,0,0,0,0,0,0,0,0,0,0,0,0,0,0,0,0,1.59909e-07,2.87836e-06,2.57224e-05,0.000152266,0.000672169,0.00236221,0.00689036,0.0171766,0.0374005,0.0723633,0.126174,0.200652,0.29412,0.401224,0.513947,0.623465,0.722126,0.804857,0.869648,0.917184,0.949945,0.971205,0.984224,0.991763,0.995899,0.998051,0.999115,0.999616,0.999841,0.999937,0.999976,0.999991,0.999997,0.999999,1,1,1,1,1,1,1,1,1,1,1,1,1,1,1,1,1,
0,0,0,0,0,0,0,0,0,0,0,0,0,0,0,0,0,0,0,0,0,0,0,0,0,0,0,0,0,0,0,0,0,0,0,0,0,0,0,0,0,0,0,0,0,0,0,0,0,0,1.3992e-07,2.53855e-06,2.28669e-05,0.000136448,0.000607181,0.00215095,0.00632435,0.0158908,0.0348725,0.067993,0.119448,0.191342,0.282436,0.387836,0.499856,0.609775,0.709794,0.794515,0.861549,0.911242,0.94585,0.968547,0.982597,0.990821,0.995382,0.997782,0.998982,0.999553,0.999813,0.999925,0.999971,0.999989,0.999996,0.999999,1,1,1,1,1,1,1,1,1,1,1,1,1,1,1,1,1,
0,0,0,0,0,0,0,0,0,0,0,0,0,0,0,0,0,0,0,0,0,0,0,0,0,0,0,0,0,0,0,0,0,0,0,0,0,0,0,0,0,0,0,0,0,0,0,0,0,0,1.2243e-07,2.23872e-06,2.03259e-05,0.00012225,0.00054834,0.00195798,0.00580267,0.014695,0.0324998,0.0638529,0.113016,0.182355,0.27105,0.374661,0.485854,0.596036,0.697292,0.783925,0.85317,0.90503,0.941524,0.96571,0.980841,0.989793,0.994812,0.997482,0.998832,0.999482,0.99978,0.999911,0.999965,0.999987,0.999995,0.999998,0.999999,1,1,1,1,1,1,1,1,1,1,1,1,1,1,1,1,
0,0,0,0,0,0,0,0,0,0,0,0,0,0,0,0,0,0,0,0,0,0,0,0,0,0,0,0,0,0,0,0,0,0,0,0,0,0,0,0,0,0,0,0,0,0,0,0,0,0,1.07126e-07,1.97418e-06,1.8065e-05,0.00010951,0.000495078,0.00178178,0.00532208,0.0135834,0.0302742,0.0599338,0.106871,0.173688,0.259963,0.361709,0.471955,0.582263,0.684635,0.773096,0.844514,0.898548,0.936962,0.962687,0.978949,0.988674,0.994184,0.997148,0.998663,0.999401,0.999743,0.999894,0.999958,0.999984,0.999994,0.999998,0.999999,1,1,1,1,1,1,1,1,1,1,1,1,1,1,1,1,
0,0,0,0,0,0,0,0,0,0,0,0,0,0,0,0,0,0,0,0,0,0,0,0,0,0,0,0,0,0,0,0,0,0,0,0,0,0,0,0,0,0,0,0,0,0,0,0,0,0,9.37355e-08,1.7408e-06,1.60536e-05,9.8079e-05,0.000446882,0.00162094,0.00487955,0.0125508,0.0281879,0.0562263,0.101004,0.165336,0.249178,0.348991,0.458174,0.568474,0.671838,0.762038,0.835587,0.891794,0.93216,0.959471,0.976916,0.987458,0.993495,0.996778,0.998474,0.999309,0.9997,0.999875,0.99995,0.999981,0.999993,0.999998,0.999999,1,1,1,1,1,1,1,1,1,1,1,1,1,1,1,1,
0,0,0,0,0,0,0,0,0,0,0,0,0,0,0,0,0,0,0,0,0,0,0,0,0,0,0,0,0,0,0,0,0,0,0,0,0,0,0,0,0,0,0,0,0,0,0,0,0,0,8.20186e-08,1.53492e-06,1.42645e-05,8.78259e-05,0.000403282,0.00147418,0.00447222,0.0115919,0.0262332,0.0527215,0.0954064,0.157294,0.238698,0.336515,0.444526,0.554687,0.658918,0.750763,0.826393,0.884768,0.927114,0.956057,0.974736,0.986141,0.992741,0.996367,0.998262,0.999204,0.999651,0.999854,0.999941,0.999977,0.999992,0.999997,0.999999,1,1,1,1,1,1,1,1,1,1,1,1,1,1,1,1,
0,0,0,0,0,0,0,0,0,0,0,0,0,0,0,0,0,0,0,0,0,0,0,0,0,0,0,0,0,0,0,0,0,0,0,0,0,0,0,0,0,0,0,0,0,0,0,0,0,0,7.17663e-08,1.35331e-06,1.26733e-05,7.86307e-05,0.00036385,0.00134032,0.00409747,0.0107019,0.0244031,0.0494105,0.0900708,0.149558,0.228523,0.324287,0.431025,0.540917,0.645889,0.739283,0.81694,0.877471,0.921821,0.952439,0.972401,0.984715,0.991916,0.995914,0.998025,0.999086,0.999595,0.999828,0.99993,0.999973,0.99999,0.999996,0.999999,1,1,1,1,1,1,1,1,1,1,1,1,1,1,1,1,
0,0,0,0,0,0,0,0,0,0,0,0,0,0,0,0,0,0,0,0,0,0,0,0,0,0,0,0,0,0,0,0,0,0,0,0,0,0,0,0,0,0,0,0,0,0,0,0,0,0,6.27955e-08,1.19311e-06,1.12583e-05,7.0386e-05,0.000328198,0.00121826,0.00375282,0.00987635,0.0226904,0.0462846,0.0849882,0.142122,0.218652,0.312317,0.417683,0.52718,0.632767,0.727608,0.807232,0.869905,0.916277,0.948612,0.969906,0.983176,0.991016,0.995414,0.997761,0.998954,0.999532,0.999799,0.999917,0.999967,0.999988,0.999995,0.999998,0.999999,1,1,1,1,1,1,1,1,1,1,1,1,1,1,1,
0,0,0,0,0,0,0,0,0,0,0,0,0,0,0,0,0,0,0,0,0,0,0,0,0,0,0,0,0,0,0,0,0,0,0,0,0,0,0,0,0,0,0,0,0,0,0,0,0,0,5.4946e-08,1.05182e-06,1.00002e-05,6.29951e-05,0.000295971,0.001107,0.003436,0.00911091,0.0210887,0.0433353,0.0801503,0.134981,0.209086,0.300609,0.404512,0.513493,0.619569,0.715753,0.797279,0.862071,0.910481,0.94457,0.967244,0.981517,0.990036,0.994864,0.997468,0.998805,0.999459,0.999766,0.999903,0.999961,0.999985,0.999995,0.999998,0.999999,1,1,1,1,1,1,1,1,1,1,1,1,1,1,1,
0,0,0,0,0,0,0,0,0,0,0,0,0,0,0,0,0,0,0,0,0,0,0,0,0,0,0,0,0,0,0,0,0,0,0,0,0,0,0,0,0,0,0,0,0,0,0,0,0,0,4.80778e-08,9.27214e-07,8.88163e-06,5.63707e-05,0.000266849,0.00100562,0.00314488,0.00840155,0.0195914,0.0405545,0.0755484,0.128127,0.199823,0.289168,0.391524,0.49987,0.606309,0.70373,0.787089,0.853972,0.904429,0.940309,0.96441,0.979733,0.988971,0.994261,0.997142,0.998638,0.999378,0.999727,0.999885,0.999954,0.999982,0.999993,0.999998,0.999999,1,1,1,1,1,1,1,1,1,1,1,1,1,1,1,
0,0,0,0,0,0,0,0,0,0,0,0,0,0,0,0,0,0,0,0,0,0,0,0,0,0,0,0,0,0,0,0,0,0,0,0,0,0,0,0,0,0,0,0,0,0,0,0,0,0,4.20681e-08,8.17322e-07,7.88733e-06,5.04346e-05,0.000240539,0.000913277,0.00287747,0.00774447,0.0181927,0.0379341,0.0711742,0.121554,0.190861,0.278,0.378729,0.486327,0.593005,0.691553,0.776669,0.845611,0.898122,0.935824,0.961397,0.977817,0.987816,0.9936,0.996782,0.998451,0.999285,0.999684,0.999866,0.999945,0.999979,0.999992,0.999997,0.999999,1,1,1,1,1,1,1,1,1,1,1,1,1,1,1,
0,0,0,0,0,0,0,0,0,0,0,0,0,0,0,0,0,0,0,0,0,0,0,0,0,0,0,0,0,0,0,0,0,0,0,0,0,0,0,0,0,0,0,0,0,0,0,0,0,0,3.68096e-08,7.20416e-07,7.00358e-06,4.51162e-05,0.000216776,0.000829185,0.00263195,0.00713609,0.0168867,0.0354664,0.0670192,0.115257,0.182197,0.267108,0.366138,0.472877,0.57967,0.679234,0.766029,0.836993,0.891558,0.931111,0.958201,0.975765,0.986566,0.992877,0.996384,0.998242,0.999181,0.999634,0.999843,0.999935,0.999974,0.99999,0.999996,0.999999,1,1,1,1,1,1,1,1,1,1,1,1,1,1,1,
0,0,0,0,0,0,0,0,0,0,0,0,0,0,0,0,0,0,0,0,0,0,0,0,0,0,0,0,0,0,0,0,0,0,0,0,0,0,0,0,0,0,0,0,0,0,0,0,0,0,3.22084e-08,6.34965e-07,6.21818e-06,4.03521e-05,0.000195319,0.000752634,0.0024066,0.00657307,0.0156678,0.0331439,0.0630751,0.109227,0.17383,0.256494,0.353759,0.459535,0.566321,0.666789,0.75518,0.828123,0.884738,0.926167,0.954814,0.973569,0.985216,0.992088,0.995946,0.99801,0.999063,0.999577,0.999817,0.999924,0.99997,0.999988,0.999996,0.999998,0.999999,1,1,1,1,1,1,1,1,1,1,1,1,1,1,
0,0,0,0,0,0,0,0,0,0,0,0,0,0,0,0,0,0,0,0,0,0,0,0,0,0,0,0,0,0,0,0,0,0,0,0,0,0,0,0,0,0,0,0,0,0,0,0,0,0,2.81823e-08,5.5962e-07,5.52028e-06,3.60854e-05,0.000175948,0.000682969,0.00219986,0.00605226,0.014531,0.0309594,0.0593337,0.103458,0.165754,0.246161,0.341601,0.446313,0.552973,0.65423,0.744131,0.819005,0.877661,0.920989,0.951234,0.971225,0.98376,0.991229,0.995464,0.997752,0.998932,0.999513,0.999787,0.99991,0.999964,0.999986,0.999995,0.999998,0.999999,1,1,1,1,1,1,1,1,1,1,1,1,1,1,
0,0,0,0,0,0,0,0,0,0,0,0,0,0,0,0,0,0,0,0,0,0,0,0,0,0,0,0,0,0,0,0,0,0,0,0,0,0,0,0,0,0,0,0,0,0,0,0,0,0,2.46595e-08,4.9319e-07,4.9002e-06,3.22647e-05,0.000158465,0.000619592,0.00201024,0.00557071,0.0134712,0.0289059,0.0557869,0.0979426,0.157967,0.23611,0.329671,0.433224,0.53964,0.641573,0.732893,0.809646,0.870329,0.915573,0.947453,0.968726,0.982193,0.990295,0.994934,0.997466,0.998784,0.99944,0.999753,0.999895,0.999957,0.999983,0.999994,0.999998,0.999999,1,1,1,1,1,1,1,1,1,1,1,1,1,1,
0,0,0,0,0,0,0,0,0,0,0,0,0,0,0,0,0,0,0,0,0,0,0,0,0,0,0,0,0,0,0,0,0,0,0,0,0,0,0,0,0,0,0,0,0,0,0,0,0,0,2.15771e-08,4.34624e-07,4.34932e-06,2.88442e-05,0.00014269,0.000561951,0.00183641,0.00512565,0.0124836,0.0269765,0.0524268,0.0926731,0.150464,0.226342,0.317976,0.42028,0.526338,0.628831,0.721478,0.800052,0.862744,0.909917,0.943468,0.966067,0.98051,0.989283,0.994354,0.997149,0.99862,0.999358,0.999714,0.999877,0.999949,0.99998,0.999992,0.999997,0.999999,1,1,1,1,1,1,1,1,1,1,1,1,1,1,
0,0,0,0,0,0,0,0,0,0,0,0,0,0,0,0,0,0,0,0,0,0,0,0,0,0,0,0,0,0,0,0,0,0,0,0,0,0,0,0,0,0,0,0,0,0,0,0,0,0,1.88799e-08,3.82993e-07,3.85999e-06,2.57823e-05,0.000128459,0.000509543,0.00167711,0.0047145,0.0115639,0.0251649,0.0492455,0.0876423,0.14324,0.216858,0.306522,0.407492,0.513081,0.61602,0.709897,0.79023,0.854907,0.90402,0.939274,0.963242,0.978705,0.988186,0.99372,0.9968,0.998436,0.999266,0.999669,0.999857,0.99994,0.999976,0.999991,0.999997,0.999999,1,1,1,1,1,1,1,1,1,1,1,1,1,1,
0,0,0,0,0,0,0,0,0,0,0,0,0,0,0,0,0,0,0,0,0,0,0,0,0,0,0,0,0,0,0,0,0,0,0,0,0,0,0,0,0,0,0,0,0,0,0,0,0,0,1.652e-08,3.37479e-07,3.42536e-06,2.3042e-05,0.000115625,0.000461908,0.00153116,0.00433482,0.0107077,0.0234648,0.0462354,0.0828427,0.136291,0.207655,0.295314,0.394871,0.499882,0.603152,0.698163,0.780188,0.846822,0.897881,0.934867,0.960246,0.976772,0.987001,0.993029,0.996415,0.998231,0.999162,0.999619,0.999833,0.99993,0.999972,0.999989,0.999996,0.999998,0.999999,1,1,1,1,1,1,1,1,1,1,1,1,1,
0,0,0,0,0,0,0,0,0,0,0,0,0,0,0,0,0,0,0,0,0,0,0,0,0,0,0,0,0,0,0,0,0,0,0,0,0,0,0,0,0,0,0,0,0,0,0,0,0,0,1.4455e-08,2.97359e-07,3.03938e-06,2.05899e-05,0.000104052,0.000418622,0.0013975,0.00398437,0.00991108,0.0218702,0.0433891,0.0782668,0.12961,0.198735,0.284357,0.382426,0.486756,0.590244,0.686286,0.769935,0.838493,0.891499,0.930244,0.957074,0.974706,0.985722,0.992275,0.995992,0.998004,0.999046,0.999562,0.999806,0.999918,0.999966,0.999987,0.999995,0.999998,0.999999,1,1,1,1,1,1,1,1,1,1,1,1,1,
0,0,0,0,0,0,0,0,0,0,0,0,0,0,0,0,0,0,0,0,0,0,0,0,0,0,0,0,0,0,0,0,0,0,0,0,0,0,0,0,0,0,0,0,0,0,0,0,0,0,1.26481e-08,2.61996e-07,2.69662e-06,1.83961e-05,9.36191e-05,0.000379301,0.00127514,0.00366101,0.00917024,0.0203753,0.0406992,0.0739071,0.123192,0.190094,0.273654,0.370167,0.473715,0.577308,0.674281,0.759479,0.829923,0.884873,0.925401,0.95372,0.972502,0.984345,0.991456,0.995527,0.997753,0.998916,0.999497,0.999776,0.999904,0.99996,0.999984,0.999994,0.999998,0.999999,1,1,1,1,1,1,1,1,1,1,1,1,1,
0,0,0,0,0,0,0,0,0,0,0,0,0,0,0,0,0,0,0,0,0,0,0,0,0,0,0,0,0,0,0,0,0,0,0,0,0,0,0,0,0,0,0,0,0,0,0,0,0,0,1.10671e-08,2.30828e-07,2.3923e-06,1.64337e-05,8.42162e-05,0.000343591,0.00116316,0.00336278,0.00848159,0.0189746,0.0381587,0.0697561,0.117031,0.181731,0.263209,0.358103,0.460771,0.564358,0.662159,0.748829,0.821118,0.878004,0.920335,0.95018,0.970154,0.982865,0.990567,0.995018,0.997475,0.99877,0.999425,0.999741,0.999888,0.999953,0.999981,0.999993,0.999997,0.999999,1,1,1,1,1,1,1,1,1,1,1,1,1,
0,0,0,0,0,0,0,0,0,0,0,0,0,0,0,0,0,0,0,0,0,0,0,0,0,0,0,0,0,0,0,0,0,0,0,0,0,0,0,0,0,0,0,0,0,0,0,0,0,0,9.68369e-09,2.03358e-07,2.12211e-06,1.46785e-05,7.57434e-05,0.000311169,0.00106072,0.00308782,0.00784174,0.017663,0.0357607,0.0658064,0.111122,0.173644,0.253024,0.346241,0.447938,0.55141,0.649934,0.737996,0.812082,0.870894,0.915044,0.946449,0.967657,0.981276,0.989604,0.994462,0.997167,0.998608,0.999343,0.999701,0.99987,0.999945,0.999978,0.999991,0.999997,0.999999,1,1,1,1,1,1,1,1,1,1,1,1,1,
0,0,0,0,0,0,0,0,0,0,0,0,0,0,0,0,0,0,0,0,0,0,0,0,0,0,0,0,0,0,0,0,0,0,0,0,0,0,0,0,0,0,0,0,0,0,0,0,0,0,8.47323e-09,1.79148e-07,1.88227e-06,1.3109e-05,6.81103e-05,0.000281741,0.000967023,0.00283444,0.0072475,0.0164353,0.0334985,0.0620507,0.105457,0.165829,0.243102,0.334589,0.435226,0.538476,0.637619,0.726988,0.802821,0.863542,0.909525,0.942524,0.965006,0.979574,0.988563,0.993855,0.996829,0.998428,0.999251,0.999657,0.999849,0.999936,0.999974,0.99999,0.999996,0.999999,0.999999,1,1,1,1,1,1,1,1,1,1,1,1,
0,0,0,0,0,0,0,0,0,0,0,0,0,0,0,0,0,0,0,0,0,0,0,0,0,0,0,0,0,0,0,0,0,0,0,0,0,0,0,0,0,0,0,0,0,0,0,0,0,0,7.41408e-09,1.57814e-07,1.66938e-06,1.17056e-05,6.12351e-05,0.000255037,0.000881363,0.00260101,0.00669587,0.0152869,0.0313656,0.0584817,0.100032,0.158282,0.233442,0.323153,0.422646,0.52557,0.625226,0.715817,0.793342,0.855952,0.903777,0.938399,0.962196,0.977753,0.98744,0.993193,0.996457,0.998228,0.999148,0.999606,0.999825,0.999925,0.999969,0.999988,0.999995,0.999998,0.999999,1,1,1,1,1,1,1,1,1,1,1,1,
0,0,0,0,0,0,0,0,0,0,0,0,0,0,0,0,0,0,0,0,0,0,0,0,0,0,0,0,0,0,0,0,0,0,0,0,0,0,0,0,0,0,0,0,0,0,0,0,0,0,6.48732e-09,1.39014e-07,1.48043e-06,1.04511e-05,5.50439e-05,0.000230812,0.000803072,0.00238605,0.00618401,0.014213,0.0293558,0.0550922,0.0948378,0.151001,0.224047,0.311939,0.41021,0.512704,0.612769,0.704493,0.783651,0.848126,0.897799,0.934071,0.959221,0.975808,0.986229,0.992474,0.996049,0.998007,0.999033,0.999549,0.999797,0.999912,0.999963,0.999985,0.999994,0.999998,0.999999,1,1,1,1,1,1,1,1,1,1,1,1,
0,0,0,0,0,0,0,0,0,0,0,0,0,0,0,0,0,0,0,0,0,0,0,0,0,0,0,0,0,0,0,0,0,0,0,0,0,0,0,0,0,0,0,0,0,0,0,0,0,0,5.6764e-09,1.22448e-07,1.31276e-06,9.32976e-06,4.94698e-05,0.000208841,0.00073154,0.00218818,0.00570926,0.0132094,0.0274629,0.0518751,0.0898696,0.14398,0.214917,0.300953,0.397926,0.499892,0.600261,0.693027,0.773756,0.840066,0.89159,0.929537,0.956078,0.973735,0.984926,0.991693,0.995603,0.997762,0.998905,0.999484,0.999766,0.999898,0.999957,0.999983,0.999993,0.999997,0.999999,1,1,1,1,1,1,1,1,1,1,1,1,
0,0,0,0,0,0,0,0,0,0,0,0,0,0,0,0,0,0,0,0,0,0,0,0,0,0,0,0,0,0,0,0,0,0,0,0,0,0,0,0,0,0,0,0,0,0,0,0,0,0,4.96685e-09,1.07852e-07,1.16397e-06,8.32763e-06,4.44523e-05,0.000188919,0.000666202,0.0020061,0.00526913,0.0122719,0.0256812,0.0488236,0.0851203,0.137217,0.20605,0.290198,0.385804,0.487147,0.587715,0.681432,0.763665,0.831778,0.885149,0.924794,0.95276,0.971528,0.983527,0.990847,0.995114,0.997492,0.998762,0.999412,0.999731,0.999881,0.99995,0.999979,0.999992,0.999997,0.999999,1,1,1,1,1,1,1,1,1,1,1,1,
0,0,0,0,0,0,0,0,0,0,0,0,0,0,0,0,0,0,0,0,0,0,0,0,0,0,0,0,0,0,0,0,0,0,0,0,0,0,0,0,0,0,0,0,0,0,0,0,0,0,4.346e-09,9.49911e-08,1.03195e-06,7.43217e-06,3.99367e-05,0.000170861,0.000606542,0.00183861,0.00486125,0.0113965,0.0240051,0.0459308,0.0805832,0.130705,0.197445,0.27968,0.373853,0.474479,0.575144,0.669717,0.753386,0.823264,0.878478,0.919838,0.949264,0.969182,0.982027,0.989932,0.994581,0.997195,0.998603,0.999331,0.999691,0.999863,0.999941,0.999976,0.99999,0.999996,0.999999,0.999999,1,1,1,1,1,1,1,1,1,1,1,
0,0,0,0,0,0,0,0,0,0,0,0,0,0,0,0,0,0,0,0,0,0,0,0,0,0,0,0,0,0,0,0,0,0,0,0,0,0,0,0,0,0,0,0,0,0,0,0,0,0,3.80275e-09,8.36604e-08,9.14832e-07,6.63215e-06,3.58737e-05,0.000154495,0.000552082,0.0016846,0.00448342,0.0105796,0.022429,0.0431901,0.0762517,0.124439,0.189103,0.269401,0.362082,0.461901,0.562561,0.657895,0.742927,0.814529,0.871576,0.914668,0.945586,0.966692,0.980422,0.988944,0.994,0.996868,0.998427,0.99924,0.999646,0.999841,0.999931,0.999971,0.999988,0.999996,0.999998,0.999999,1,1,1,1,1,1,1,1,1,1,1,
0,0,0,0,0,0,0,0,0,0,0,0,0,0,0,0,0,0,0,0,0,0,0,0,0,0,0,0,0,0,0,0,0,0,0,0,0,0,0,0,0,0,0,0,0,0,0,0,0,0,3.3274e-09,7.36782e-08,8.10936e-07,5.91748e-06,3.22185e-05,0.000139668,0.000502383,0.00154304,0.00413357,0.00981758,0.0209478,0.040595,0.072119,0.118416,0.18102,0.259363,0.350497,0.449423,0.549978,0.645978,0.732298,0.805579,0.864445,0.909282,0.941721,0.964054,0.978705,0.987879,0.993368,0.99651,0.998232,0.999138,0.999595,0.999817,0.99992,0.999966,0.999986,0.999995,0.999998,0.999999,1,1,1,1,1,1,1,1,1,1,1,
0,0,0,0,0,0,0,0,0,0,0,0,0,0,0,0,0,0,0,0,0,0,0,0,0,0,0,0,0,0,0,0,0,0,0,0,0,0,0,0,0,0,0,0,0,0,0,0,0,0,2.91148e-09,6.48844e-08,7.18779e-07,5.27916e-06,2.89308e-05,0.000126237,0.000457044,0.00141296,0.00380975,0.00910708,0.0195565,0.0381391,0.0681785,0.112629,0.173194,0.24957,0.339105,0.437057,0.537409,0.633978,0.721508,0.796419,0.857087,0.903677,0.937666,0.961262,0.976874,0.986732,0.992682,0.996117,0.998017,0.999025,0.999538,0.999789,0.999907,0.999961,0.999984,0.999994,0.999998,0.999999,1,1,1,1,1,1,1,1,1,1,1,
0,0,0,0,0,0,0,0,0,0,0,0,0,0,0,0,0,0,0,0,0,0,0,0,0,0,0,0,0,0,0,0,0,0,0,0,0,0,0,0,0,0,0,0,0,0,0,0,0,0,2.54754e-09,5.71378e-08,6.37042e-07,4.70912e-06,2.59744e-05,0.000114073,0.000415693,0.00129347,0.00351015,0.00844492,0.0182504,0.0358162,0.0644236,0.107073,0.165624,0.240023,0.327913,0.424813,0.524865,0.621907,0.710567,0.787055,0.849503,0.897853,0.933418,0.958313,0.974922,0.9855,0.991938,0.995687,0.99778,0.998899,0.999474,0.999758,0.999892,0.999954,0.999981,0.999992,0.999997,0.999999,1,1,1,1,1,1,1,1,1,1,1,
0,0,0,0,0,0,0,0,0,0,0,0,0,0,0,0,0,0,0,0,0,0,0,0,0,0,0,0,0,0,0,0,0,0,0,0,0,0,0,0,0,0,0,0,0,0,0,0,0,0,2.2291e-09,5.0314e-08,5.64554e-07,4.20011e-06,2.33162e-05,0.000103061,0.000377991,0.00118375,0.00323307,0.00782807,0.0170247,0.0336205,0.0608476,0.101741,0.158305,0.230723,0.316927,0.412701,0.512358,0.609777,0.699485,0.777494,0.841697,0.89181,0.928972,0.955201,0.972846,0.984178,0.991133,0.995219,0.997518,0.998759,0.999402,0.999722,0.999876,0.999946,0.999978,0.999991,0.999996,0.999999,1,1,1,1,1,1,1,1,1,1,1,
0,0,0,0,0,0,0,0,0,0,0,0,0,0,0,0,0,0,0,0,0,0,0,0,0,0,0,0,0,0,0,0,0,0,0,0,0,0,0,0,0,0,0,0,0,0,0,0,0,0,1.95046e-09,4.43034e-08,5.00274e-07,3.74566e-06,2.09267e-05,9.30929e-05,0.000343624,0.00108303,0.0029769,0.00725369,0.0158751,0.031546,0.0574442,0.0966297,0.151234,0.221671,0.306151,0.400729,0.499901,0.5976,0.688271,0.767743,0.833672,0.885546,0.924327,0.951922,0.970641,0.982761,0.990264,0.994708,0.997231,0.998604,0.999322,0.999682,0.999856,0.999937,0.999974,0.999989,0.999996,0.999998,0.999999,1,1,1,1,1,1,1,1,1,1,
0,0,0,0,0,0,0,0,0,0,0,0,0,0,0,0,0,0,0,0,0,0,0,0,0,0,0,0,0,0,0,0,0,0,0,0,0,0,0,0,0,0,0,0,0,0,0,0,0,0,1.70666e-09,3.90093e-08,4.43278e-07,3.33999e-06,1.87791e-05,8.40721e-05,0.000312308,0.000990601,0.00274017,0.0067191,0.0147974,0.0295872,0.054207,0.0917315,0.144409,0.212867,0.295591,0.388907,0.487505,0.585387,0.676937,0.757809,0.825431,0.879061,0.919479,0.948473,0.968301,0.981246,0.989326,0.994153,0.996915,0.998432,0.999232,0.999637,0.999835,0.999927,0.999969,0.999987,0.999995,0.999998,0.999999,1,1,1,1,1,1,1,1,1,1,
0,0,0,0,0,0,0,0,0,0,0,0,0,0,0,0,0,0,0,0,0,0,0,0,0,0,0,0,0,0,0,0,0,0,0,0,0,0,0,0,0,0,0,0,0,0,0,0,0,0,1.49332e-09,3.43464e-08,3.92744e-07,2.9779e-06,1.68492e-05,7.59105e-05,0.000283778,0.000905815,0.00252147,0.00622173,0.0137876,0.0277384,0.0511295,0.0870409,0.137824,0.204309,0.285251,0.377242,0.47518,0.573152,0.665494,0.7477,0.816978,0.872358,0.914427,0.944849,0.965822,0.979628,0.988316,0.993549,0.99657,0.998243,0.999132,0.999586,0.99981,0.999916,0.999964,0.999985,0.999994,0.999998,0.999999,1,1,1,1,1,1,1,1,1,1,
0,0,0,0,0,0,0,0,0,0,0,0,0,0,0,0,0,0,0,0,0,0,0,0,0,0,0,0,0,0,0,0,0,0,0,0,0,0,0,0,0,0,0,0,0,0,0,0,0,0,1.30666e-09,3.02398e-08,3.47944e-07,2.65476e-06,1.51153e-05,6.85278e-05,0.000257795,0.00082806,0.00231951,0.0057592,0.0128419,0.0259946,0.0482056,0.082552,0.131476,0.195999,0.275133,0.365743,0.462938,0.560905,0.653951,0.737424,0.808318,0.865435,0.909168,0.941046,0.963201,0.977902,0.98723,0.992895,0.996192,0.998034,0.999021,0.99953,0.999782,0.999902,0.999958,0.999982,0.999993,0.999997,0.999999,1,1,1,1,1,1,1,1,1,1,
0,0,0,0,0,0,0,0,0,0,0,0,0,0,0,0,0,0,0,0,0,0,0,0,0,0,0,0,0,0,0,0,0,0,0,0,0,0,0,0,0,0,0,0,0,0,0,0,0,0,1.14333e-09,2.66232e-08,3.08231e-07,2.3664e-06,1.35577e-05,6.18513e-05,0.000234137,0.000756777,0.00213308,0.00532924,0.0119566,0.0243505,0.0454292,0.0782587,0.125361,0.187933,0.265241,0.354417,0.450788,0.54866,0.64232,0.72699,0.799457,0.858296,0.903702,0.937061,0.960431,0.976065,0.986064,0.992187,0.99578,0.997803,0.998897,0.999466,0.99975,0.999887,0.999951,0.999979,0.999992,0.999997,0.999999,1,1,1,1,1,1,1,1,1,1,
0,0,0,0,0,0,0,0,0,0,0,0,0,0,0,0,0,0,0,0,0,0,0,0,0,0,0,0,0,0,0,0,0,0,0,0,0,0,0,0,0,0,0,0,0,0,0,0,0,0,1.00041e-09,2.34382e-08,2.7303e-07,2.10913e-06,1.21588e-05,5.58146e-05,0.000212601,0.000691447,0.00196104,0.00492972,0.0111281,0.0228013,0.0427944,0.074155,0.119473,0.180112,0.255578,0.34327,0.438742,0.536426,0.630613,0.716406,0.790398,0.850941,0.898026,0.932891,0.95751,0.97411,0.984814,0.991422,0.995331,0.99755,0.998761,0.999395,0.999715,0.99987,0.999943,0.999976,0.99999,0.999996,0.999998,0.999999,1,1,1,1,1,1,1,1,1,
0,0,0,0,0,0,0,0,0,0,0,0,0,0,0,0,0,0,0,0,0,0,0,0,0,0,0,0,0,0,0,0,0,0,0,0,0,0,0,0,0,0,0,0,0,0,0,0,0,0,8.75359e-10,2.06335e-08,2.41831e-07,1.87962e-06,1.09026e-05,5.03576e-05,0.000193003,0.000631591,0.00180234,0.00455863,0.0103533,0.0213421,0.0402953,0.070235,0.113808,0.172532,0.246145,0.332309,0.426808,0.524215,0.618839,0.705682,0.781149,0.843373,0.89214,0.928533,0.954433,0.972035,0.983476,0.990596,0.994842,0.997273,0.998609,0.999316,0.999675,0.999851,0.999934,0.999972,0.999988,0.999995,0.999998,0.999999,1,1,1,1,1,1,1,1,1,
0,0,0,0,0,0,0,0,0,0,0,0,0,0,0,0,0,0,0,0,0,0,0,0,0,0,0,0,0,0,0,0,0,0,0,0,0,0,0,0,0,0,0,0,0,0,0,0,0,0,7.65939e-10,1.81637e-08,2.14181e-07,1.6749e-06,9.77472e-06,4.54257e-05,0.000175172,0.000576768,0.001656,0.0042141,0.009629,0.0199685,0.0379261,0.0664925,0.108362,0.165191,0.236943,0.321538,0.414996,0.512039,0.607011,0.694827,0.771716,0.835595,0.886044,0.923984,0.951195,0.969835,0.982046,0.989706,0.994312,0.996969,0.998442,0.999227,0.99963,0.999829,0.999923,0.999967,0.999986,0.999994,0.999998,0.999999,1,1,1,1,1,1,1,1,1,
0,0,0,0,0,0,0,0,0,0,0,0,0,0,0,0,0,0,0,0,0,0,0,0,0,0,0,0,0,0,0,0,0,0,0,0,0,0,0,0,0,0,0,0,0,0,0,0,0,0,6.70196e-10,1.5989e-08,1.89679e-07,1.49231e-06,8.76224e-06,4.09694e-05,0.000158954,0.000526568,0.0015211,0.00389434,0.00895214,0.0186761,0.0356814,0.0629217,0.103128,0.158088,0.227974,0.310964,0.403313,0.499909,0.59514,0.68385,0.762105,0.82761,0.879738,0.919242,0.947794,0.967505,0.98052,0.988748,0.993736,0.996637,0.998258,0.999129,0.99958,0.999804,0.999912,0.999961,0.999984,0.999993,0.999997,0.999999,1,1,1,1,1,1,1,1,1,
0,0,0,0,0,0,0,0,0,0,0,0,0,0,0,0,0,0,0,0,0,0,0,0,0,0,0,0,0,0,0,0,0,0,0,0,0,0,0,0,0,0,0,0,0,0,0,0,0,0,5.86422e-10,1.40741e-08,1.67968e-07,1.32948e-06,7.8535e-06,3.69435e-05,0.000144206,0.000480616,0.00139678,0.00359768,0.00831991,0.0174606,0.0335557,0.0595167,0.0981022,0.151218,0.219238,0.30059,0.39177,0.487834,0.583236,0.672761,0.752323,0.819422,0.873222,0.914304,0.944225,0.965041,0.978893,0.98772,0.993112,0.996274,0.998056,0.99902,0.999523,0.999776,0.999898,0.999955,0.999981,0.999992,0.999997,0.999999,1,1,1,1,1,1,1,1,1,
0,0,0,0,0,0,0,0,0,0,0,0,0,0,0,0,0,0,0,0,0,0,0,0,0,0,0,0,0,0,0,0,0,0,0,0,0,0,0,0,0,0,0,0,0,0,0,0,0,0,5.13119e-10,1.23882e-08,1.48731e-07,1.18429e-06,7.038e-06,3.33072e-05,0.000130798,0.000438565,0.00128226,0.00332257,0.00772963,0.016318,0.0315439,0.0562715,0.093279,0.144578,0.210736,0.290421,0.380372,0.475826,0.571311,0.66157,0.742378,0.811034,0.866497,0.909168,0.940485,0.962439,0.977161,0.986616,0.992438,0.995879,0.997833,0.9989,0.99946,0.999744,0.999883,0.999948,0.999978,0.999991,0.999996,0.999999,0.999999,1,1,1,1,1,1,1,1,
0,0,0,0,0,0,0,0,0,0,0,0,0,0,0,0,0,0,0,0,0,0,0,0,0,0,0,0,0,0,0,0,0,0,0,0,0,0,0,0,0,0,0,0,0,0,0,0,0,0,4.48979e-10,1.09038e-08,1.31688e-07,1.05484e-06,6.30629e-06,3.00236e-05,0.000118612,0.000400094,0.0011768,0.00306753,0.00717875,0.0152445,0.0296406,0.0531806,0.088653,0.138166,0.202466,0.28046,0.369128,0.463895,0.559375,0.650288,0.732277,0.802452,0.859564,0.903834,0.93657,0.959695,0.975321,0.985434,0.991711,0.995449,0.997589,0.998766,0.99939,0.999709,0.999866,0.99994,0.999974,0.999989,0.999996,0.999998,0.999999,1,1,1,1,1,1,1,1,
0,0,0,0,0,0,0,0,0,0,0,0,0,0,0,0,0,0,0,0,0,0,0,0,0,0,0,0,0,0,0,0,0,0,0,0,0,0,0,0,0,0,0,0,0,0,0,0,0,0,3.92857e-10,9.59693e-09,1.1659e-07,9.3945e-07,5.64986e-06,2.70589e-05,0.000107538,0.000364909,0.00107971,0.00283119,0.00666485,0.0142362,0.0278411,0.0502381,0.084219,0.131977,0.194429,0.270711,0.358045,0.452049,0.54744,0.638924,0.722028,0.79368,0.852425,0.898301,0.932478,0.956804,0.973368,0.98417,0.990926,0.994982,0.997321,0.998619,0.999312,0.999669,0.999846,0.999931,0.99997,0.999987,0.999995,0.999998,0.999999,1,1,1,1,1,1,1,1,
0,0,0,0,0,0,0,0,0,0,0,0,0,0,0,0,0,0,0,0,0,0,0,0,0,0,0,0,0,0,0,0,0,0,0,0,0,0,0,0,0,0,0,0,0,0,0,0,0,0,3.4375e-10,8.44642e-09,1.03216e-07,8.36593e-07,5.06105e-06,2.43828e-05,9.74782e-05,0.000332737,0.00099036,0.00261225,0.00618564,0.0132898,0.0261405,0.0474385,0.0799714,0.126007,0.186622,0.261176,0.347128,0.440298,0.535516,0.627488,0.71164,0.784724,0.845082,0.892566,0.928206,0.953763,0.971297,0.98282,0.990082,0.994475,0.997029,0.998457,0.999226,0.999624,0.999824,0.99992,0.999965,0.999985,0.999994,0.999998,0.999999,1,1,1,1,1,1,1,1,
0,0,0,0,0,0,0,0,0,0,0,0,0,0,0,0,0,0,0,0,0,0,0,0,0,0,0,0,0,0,0,0,0,0,0,0,0,0,0,0,0,0,0,0,0,0,0,0,0,0,3.00781e-10,7.43359e-09,9.13699e-08,7.44921e-07,4.533e-06,2.19676e-05,8.83412e-05,0.00030333,0.000908157,0.00240952,0.00573897,0.0124018,0.0245342,0.0447762,0.0759048,0.120253,0.179045,0.251857,0.336384,0.428652,0.523614,0.615992,0.701121,0.775588,0.837537,0.886631,0.923751,0.950569,0.969106,0.98138,0.989174,0.993926,0.99671,0.998278,0.99913,0.999575,0.999799,0.999908,0.999959,0.999983,0.999993,0.999997,0.999999,1,1,1,1,1,1,1,1,
0,0,0,0,0,0,0,0,0,0,0,0,0,0,0,0,0,0,0,0,0,0,0,0,0,0,0,0,0,0,0,0,0,0,0,0,0,0,0,0,0,0,0,0,0,0,0,0,0,0,2.63183e-10,6.54199e-09,8.08779e-08,6.63227e-07,4.05949e-06,1.97882e-05,8.00445e-05,0.000276456,0.000832554,0.00222185,0.00532279,0.0115689,0.0230176,0.042246,0.0720137,0.114709,0.171696,0.242755,0.325818,0.417119,0.511744,0.604445,0.69048,0.76628,0.829794,0.880494,0.919111,0.947217,0.966789,0.979845,0.9882,0.993332,0.996362,0.998082,0.999023,0.999519,0.999771,0.999894,0.999953,0.99998,0.999991,0.999997,0.999999,0.999999,1,1,1,1,1,1,1,
0,0,0,0,0,0,0,0,0,0,0,0,0,0,0,0,0,0,0,0,0,0,0,0,0,0,0,0,0,0,0,0,0,0,0,0,0,0,0,0,0,0,0,0,0,0,0,0,0,0,2.30285e-10,5.75714e-09,7.15859e-08,5.90433e-07,3.63495e-06,1.78221e-05,7.25125e-05,0.000251905,0.000763042,0.00204819,0.00493517,0.0107882,0.0215865,0.0398424,0.0682927,0.109372,0.164573,0.233873,0.315435,0.405706,0.499916,0.592857,0.679726,0.756805,0.821855,0.874157,0.914284,0.943703,0.964342,0.978213,0.987155,0.99269,0.995983,0.997867,0.998906,0.999457,0.999739,0.999879,0.999946,0.999976,0.99999,0.999996,0.999998,0.999999,1,1,1,1,1,1,1,
0,0,0,0,0,0,0,0,0,0,0,0,0,0,0,0,0,0,0,0,0,0,0,0,0,0,0,0,0,0,0,0,0,0,0,0,0,0,0,0,0,0,0,0,0,0,0,0,0,0,2.015e-10,5.06628e-09,6.33573e-08,5.25577e-07,3.25439e-06,1.60487e-05,6.56762e-05,0.000229481,0.00069915,0.00188754,0.0045743,0.0100565,0.0202367,0.0375604,0.0647364,0.104237,0.157673,0.22521,0.30524,0.394422,0.488139,0.581239,0.668867,0.74717,0.813723,0.867619,0.909268,0.940026,0.961762,0.976479,0.986038,0.991998,0.995571,0.997632,0.998776,0.999388,0.999704,0.999862,0.999937,0.999972,0.999988,0.999995,0.999998,0.999999,1,1,1,1,1,1,1,
0,0,0,0,0,0,0,0,0,0,0,0,0,0,0,0,0,0,0,0,0,0,0,0,0,0,0,0,0,0,0,0,0,0,0,0,0,0,0,0,0,0,0,0,0,0,0,0,0,0,1.76312e-10,4.45818e-09,5.60709e-08,4.678e-07,2.91329e-06,1.44495e-05,5.94728e-05,0.000209005,0.000640441,0.00173899,0.00423845,0.00937127,0.0189642,0.035395,0.0613394,0.0992997,0.150993,0.216768,0.295236,0.383274,0.476425,0.569602,0.657913,0.737382,0.805404,0.860882,0.904062,0.936181,0.959045,0.97464,0.984843,0.991253,0.995125,0.997374,0.998633,0.999312,0.999665,0.999842,0.999928,0.999968,0.999986,0.999994,0.999998,0.999999,1,1,1,1,1,1,1,
0,0,0,0,0,0,0,0,0,0,0,0,0,0,0,0,0,0,0,0,0,0,0,0,0,0,0,0,0,0,0,0,0,0,0,0,0,0,0,0,0,0,0,0,0,0,0,0,0,0,1.54273e-10,3.92295e-09,4.96193e-08,4.16334e-07,2.6076e-06,1.30074e-05,5.38449e-05,0.000190314,0.000586511,0.00160167,0.00392602,0.00872967,0.0177651,0.0333411,0.0580964,0.0945546,0.144532,0.208546,0.285428,0.37227,0.464781,0.557955,0.646875,0.727449,0.796901,0.853947,0.898664,0.932166,0.956187,0.97269,0.983567,0.990452,0.994641,0.997093,0.998475,0.999227,0.99962,0.99982,0.999917,0.999963,0.999984,0.999993,0.999997,0.999999,1,1,1,1,1,1,1,
0,0,0,0,0,0,0,0,0,0,0,0,0,0,0,0,0,0,0,0,0,0,0,0,0,0,0,0,0,0,0,0,0,0,0,0,0,0,0,0,0,0,0,0,0,0,0,0,0,0,1.34989e-10,3.45186e-09,4.39073e-08,3.70494e-07,2.33369e-06,1.17075e-05,4.87402e-05,0.000173255,0.000536987,0.00147478,0.00363548,0.00812921,0.0166357,0.0313941,0.055002,0.0899973,0.138284,0.200544,0.275818,0.361414,0.453217,0.546308,0.63576,0.717377,0.78822,0.846816,0.893075,0.927979,0.953185,0.970628,0.982208,0.989591,0.994117,0.996786,0.998303,0.999133,0.999571,0.999795,0.999905,0.999957,0.999981,0.999992,0.999997,0.999999,1,1,1,1,1,1,1,
0,0,0,0,0,0,0,0,0,0,0,0,0,0,0,0,0,0,0,0,0,0,0,0,0,0,0,0,0,0,0,0,0,0,0,0,0,0,0,0,0,0,0,0,0,0,0,0,0,0,1.18115e-10,3.03726e-09,3.88503e-08,3.29671e-07,2.08829e-06,1.05357e-05,4.41111e-05,0.000157691,0.00049152,0.00135755,0.00336539,0.00756749,0.0155724,0.0295493,0.052051,0.0856229,0.132249,0.192762,0.266408,0.350715,0.441742,0.534672,0.624578,0.707175,0.779364,0.839492,0.887292,0.923616,0.950034,0.968447,0.98076,0.988668,0.993551,0.996453,0.998113,0.999029,0.999516,0.999767,0.999891,0.999951,0.999978,0.999991,0.999996,0.999998,0.999999,1,1,1,1,1,1,
0,0,0,0,0,0,0,0,0,0,0,0,0,0,0,0,0,0,0,0,0,0,0,0,0,0,0,0,0,0,0,0,0,0,0,0,0,0,0,0,0,0,0,0,0,0,0,0,0,0,1.03351e-10,2.67236e-09,3.43737e-08,2.93318e-07,1.86847e-06,9.4798e-06,3.99142e-05,0.000143493,0.000449792,0.0012493,0.00311441,0.00704223,0.0145718,0.0278022,0.0492383,0.0814264,0.12642,0.185198,0.257203,0.340176,0.430363,0.523055,0.61334,0.69685,0.770341,0.831976,0.881317,0.919075,0.946732,0.966145,0.979221,0.98768,0.992941,0.99609,0.997906,0.998915,0.999456,0.999736,0.999876,0.999943,0.999975,0.999989,0.999996,0.999998,0.999999,1,1,1,1,1,1,
0,0,0,0,0,0,0,0,0,0,0,0,0,0,0,0,0,0,0,0,0,0,0,0,0,0,0,0,0,0,0,0,0,0,0,0,0,0,0,0,0,0,0,0,0,0,0,0,0,0,9.04322e-11,2.35124e-09,3.0411e-08,2.6095e-07,1.67157e-06,8.52839e-06,3.61099e-05,0.000130546,0.000411504,0.00114936,0.00288127,0.00655125,0.0136306,0.0261484,0.0465588,0.0774029,0.120796,0.177851,0.248202,0.329805,0.41909,0.511469,0.602054,0.686411,0.761154,0.824272,0.87515,0.914355,0.943274,0.963719,0.977587,0.986623,0.992283,0.995696,0.997679,0.998788,0.999388,0.999701,0.999858,0.999935,0.999971,0.999987,0.999995,0.999998,0.999999,1,1,1,1,1,1,
0,0,0,0,0,0,0,0,0,0,0,0,0,0,0,0,0,0,0,0,0,0,0,0,0,0,0,0,0,0,0,0,0,0,0,0,0,0,0,0,0,0,0,0,0,0,0,0,0,0,7.91281e-11,2.06864e-09,2.69036e-08,2.32133e-07,1.49524e-06,7.67128e-06,3.26622e-05,0.000118741,0.000376385,0.00105713,0.00266478,0.0060925,0.0127456,0.0245837,0.0440075,0.0735474,0.115372,0.170719,0.239408,0.319604,0.407929,0.499921,0.590731,0.675867,0.751811,0.816382,0.86879,0.909455,0.93966,0.961163,0.975853,0.985493,0.991576,0.99527,0.997431,0.99865,0.999313,0.999661,0.999838,0.999925,0.999966,0.999985,0.999994,0.999997,0.999999,1,1,1,1,1,1,
0,0,0,0,0,0,0,0,0,0,0,0,0,0,0,0,0,0,0,0,0,0,0,0,0,0,0,0,0,0,0,0,0,0,0,0,0,0,0,0,0,0,0,0,0,0,0,0,0,0,6.92371e-11,1.81995e-09,2.37992e-08,2.06479e-07,1.33736e-06,6.89928e-06,2.95383e-05,0.000107982,0.000344179,0.000972037,0.00246383,0.00566404,0.011914,0.0231039,0.0415795,0.0698549,0.110144,0.1638,0.230822,0.30958,0.396889,0.488422,0.57938,0.665225,0.742318,0.808311,0.862239,0.904372,0.935884,0.958475,0.974017,0.984288,0.990815,0.994808,0.997161,0.998497,0.99923,0.999618,0.999816,0.999914,0.999961,0.999983,0.999993,0.999997,0.999999,1,1,1,1,1,1,
0,0,0,0,0,0,0,0,0,0,0,0,0,0,0,0,0,0,0,0,0,0,0,0,0,0,0,0,0,0,0,0,0,0,0,0,0,0,0,0,0,0,0,0,0,0,0,0,0,0,6.05825e-11,1.60111e-09,2.10518e-08,1.83644e-07,1.196e-06,6.20404e-06,2.67084e-05,9.81761e-05,0.000314654,0.000893554,0.00227735,0.00526401,0.0111328,0.0217052,0.03927,0.0663205,0.105108,0.157093,0.222444,0.299735,0.385975,0.476981,0.56801,0.654494,0.732682,0.800062,0.855498,0.899105,0.931945,0.955651,0.972074,0.983004,0.989999,0.994309,0.996867,0.99833,0.999138,0.999569,0.999791,0.999902,0.999955,0.99998,0.999992,0.999996,0.999999,0.999999,1,1,1,1,1,
0,0,0,0,0,0,0,0,0,0,0,0,0,0,0,0,0,0,0,0,0,0,0,0,0,0,0,0,0,0,0,0,0,0,0,0,0,0,0,0,0,0,0,0,0,0,0,0,0,0,5.30097e-11,1.40854e-09,1.86205e-08,1.6332e-07,1.06945e-06,5.57803e-06,2.41454e-05,8.92427e-05,0.000287595,0.000821192,0.00210438,0.00489068,0.0103992,0.0203836,0.0370744,0.0629392,0.100259,0.150595,0.214275,0.290074,0.375195,0.465605,0.556631,0.643684,0.722908,0.791639,0.848568,0.893654,0.92784,0.952688,0.970021,0.981638,0.989125,0.99377,0.996547,0.998147,0.999037,0.999516,0.999764,0.999888,0.999949,0.999977,0.99999,0.999996,0.999998,0.999999,1,1,1,1,1,
0,0,0,0,0,0,0,0,0,0,0,0,0,0,0,0,0,0,0,0,0,0,0,0,0,0,0,0,0,0,0,0,0,0,0,0,0,0,0,0,0,0,0,0,0,0,0,0,0,0,4.63835e-11,1.2391e-09,1.6469e-08,1.45233e-07,9.56186e-07,5.01446e-06,2.18245e-05,8.11055e-05,0.000262801,0.000754492,0.00194398,0.00454239,0.0097106,0.0191356,0.0349881,0.0597061,0.0955943,0.144303,0.206315,0.280599,0.364555,0.454304,0.545253,0.632802,0.713005,0.783048,0.841452,0.888018,0.923567,0.949582,0.967855,0.980186,0.988189,0.99319,0.9962,0.997947,0.998926,0.999456,0.999733,0.999873,0.999941,0.999974,0.999989,0.999995,0.999998,0.999999,1,1,1,1,1,
0,0,0,0,0,0,0,0,0,0,0,0,0,0,0,0,0,0,0,0,0,0,0,0,0,0,0,0,0,0,0,0,0,0,0,0,0,0,0,0,0,0,0,0,0,0,0,0,0,0,4.05855e-11,1.09001e-09,1.45652e-08,1.29137e-07,8.54816e-07,4.50718e-06,1.97232e-05,7.36954e-05,0.000240089,0.000693031,0.00179529,0.00421759,0.00906458,0.0179574,0.0330065,0.0566163,0.0911083,0.138215,0.198564,0.271313,0.35406,0.443085,0.533885,0.621858,0.70298,0.774292,0.834152,0.882198,0.919123,0.94633,0.965571,0.978644,0.987189,0.992565,0.995824,0.997729,0.998804,0.99939,0.999698,0.999855,0.999933,0.99997,0.999987,0.999994,0.999998,0.999999,1,1,1,1,1,
0,0,0,0,0,0,0,0,0,0,0,0,0,0,0,0,0,0,0,0,0,0,0,0,0,0,0,0,0,0,0,0,0,0,0,0,0,0,0,0,0,0,0,0,0,0,0,0,0,0,3.55123e-11,9.58833e-10,1.28808e-08,1.14816e-07,7.64107e-07,4.05063e-06,1.78212e-05,6.69488e-05,0.00021929,0.000636413,0.00165751,0.0039148,0.0084587,0.0168458,0.0311254,0.0536651,0.0867968,0.132326,0.19102,0.26222,0.343717,0.431957,0.522535,0.610862,0.69284,0.765378,0.826669,0.876192,0.914507,0.942929,0.963166,0.97701,0.986121,0.991893,0.995416,0.997491,0.998669,0.999316,0.99966,0.999836,0.999923,0.999965,0.999985,0.999993,0.999997,0.999999,1,1,1,1,1,
0,0,0,0,0,0,0,0,0,0,0,0,0,0,0,0,0,0,0,0,0,0,0,0,0,0,0,0,0,0,0,0,0,0,0,0,0,0,0,0,0,0,0,0,0,0,0,0,0,0,3.10733e-11,8.43418e-10,1.13906e-08,1.02074e-07,6.82945e-07,3.63982e-06,1.60999e-05,6.08079e-05,0.000200247,0.000584273,0.00152987,0.00363264,0.00789072,0.0157974,0.0293404,0.0508476,0.0826553,0.126635,0.183683,0.25332,0.33353,0.420927,0.511212,0.599821,0.682592,0.756311,0.819008,0.870002,0.909718,0.939377,0.960636,0.97528,0.984982,0.991171,0.994976,0.997231,0.998522,0.999236,0.999617,0.999814,0.999912,0.99996,0.999982,0.999992,0.999997,0.999999,0.999999,1,1,1,1,
0,0,0,0,0,0,0,0,0,0,0,0,0,0,0,0,0,0,0,0,0,0,0,0,0,0,0,0,0,0,0,0,0,0,0,0,0,0,0,0,0,0,0,0,0,0,0,0,0,0,2.71891e-11,7.41875e-10,1.00722e-08,9.07385e-08,6.10336e-07,3.27021e-06,1.45424e-05,5.52194e-05,0.000182817,0.000536269,0.00141167,0.0033698,0.00735846,0.0148091,0.0276476,0.0481592,0.0786794,0.121138,0.176552,0.244615,0.323504,0.410002,0.499927,0.588745,0.672246,0.747096,0.811171,0.863627,0.904753,0.935669,0.957979,0.973449,0.983769,0.990397,0.9945,0.996949,0.998361,0.999146,0.999569,0.999789,0.9999,0.999954,0.999979,0.999991,0.999996,0.999998,0.999999,1,1,1,1,
0,0,0,0,0,0,0,0,0,0,0,0,0,0,0,0,0,0,0,0,0,0,0,0,0,0,0,0,0,0,0,0,0,0,0,0,0,0,0,0,0,0,0,0,0,0,0,0,0,0,2.37905e-11,6.52539e-10,8.9059e-09,8.06552e-08,5.45387e-07,2.93772e-06,1.31334e-05,5.01348e-05,0.000166867,0.000492088,0.00130225,0.00312503,0.00685987,0.0138778,0.0260428,0.0455953,0.0748644,0.11583,0.169626,0.236107,0.313643,0.39919,0.488686,0.577643,0.661808,0.73774,0.803161,0.85707,0.899613,0.931805,0.95519,0.971515,0.982479,0.989569,0.993987,0.996643,0.998184,0.999048,0.999516,0.999761,0.999886,0.999947,0.999976,0.99999,0.999996,0.999998,0.999999,1,1,1,1,
0,0,0,0,0,0,0,0,0,0,0,0,0,0,0,0,0,0,0,0,0,0,0,0,0,0,0,0,0,0,0,0,0,0,0,0,0,0,0,0,0,0,0,0,0,0,0,0,0,0,2.08167e-11,5.73946e-10,7.87423e-09,7.16865e-08,4.87295e-07,2.63868e-06,1.18589e-05,4.55096e-05,0.000152276,0.000451435,0.00120098,0.00289718,0.00639302,0.0130005,0.0245221,0.0431512,0.0712057,0.11071,0.162901,0.227797,0.303951,0.388497,0.477499,0.566523,0.651288,0.728248,0.794984,0.850332,0.894295,0.927781,0.952267,0.969475,0.981109,0.988683,0.993435,0.996311,0.997992,0.99894,0.999458,0.999731,0.99987,0.999939,0.999972,0.999988,0.999995,0.999998,0.999999,1,1,1,1,
0,0,0,0,0,0,0,0,0,0,0,0,0,0,0,0,0,0,0,0,0,0,0,0,0,0,0,0,0,0,0,0,0,0,0,0,0,0,0,0,0,0,0,0,0,0,0,0,0,0,1.82146e-11,5.04805e-10,6.96169e-09,6.371e-08,4.35344e-07,2.36976e-06,1.07064e-05,4.13033e-05,0.00013893,0.00041404,0.00110728,0.00268516,0.00595604,0.0121746,0.0230819,0.0408226,0.0676989,0.105772,0.156377,0.219685,0.294432,0.377928,0.466374,0.555395,0.640692,0.718628,0.786642,0.843413,0.888799,0.923595,0.949206,0.967324,0.979654,0.987736,0.992841,0.995952,0.997782,0.998822,0.999393,0.999697,0.999853,0.999931,0.999968,0.999986,0.999994,0.999997,0.999999,1,1,1,1,
0,0,0,0,0,0,0,0,0,0,0,0,0,0,0,0,0,0,0,0,0,0,0,0,0,0,0,0,0,0,0,0,0,0,0,0,0,0,0,0,0,0,0,0,0,0,0,0,0,0,1.59378e-11,4.43981e-10,6.15458e-09,5.66164e-08,3.8889e-07,2.12796e-06,9.6643e-06,3.74786e-05,0.000126727,0.000379652,0.00102063,0.00248792,0.00554718,0.0113973,0.0217185,0.038605,0.0643394,0.101013,0.150051,0.211772,0.285088,0.367491,0.455318,0.544267,0.63003,0.708886,0.77814,0.836317,0.883126,0.919246,0.946005,0.965059,0.978113,0.986726,0.992203,0.995563,0.997553,0.998692,0.999322,0.999659,0.999833,0.999921,0.999964,0.999984,0.999993,0.999997,0.999999,1,1,1,1,
0,0,0,0,0,0,0,0,0,0,0,0,0,0,0,0,0,0,0,0,0,0,0,0,0,0,0,0,0,0,0,0,0,0,0,0,0,0,0,0,0,0,0,0,0,0,0,0,0,0,1.39456e-11,3.90475e-10,5.44076e-09,5.03087e-08,3.47356e-07,1.91057e-06,8.72226e-06,3.40019e-05,0.000115571,0.000348036,0.000940507,0.00230451,0.00516477,0.010666,0.0204284,0.0364942,0.0611226,0.0964284,0.143922,0.204057,0.275924,0.357191,0.44434,0.533149,0.61931,0.699029,0.769483,0.829045,0.877275,0.914731,0.94266,0.962677,0.976481,0.985649,0.991518,0.995143,0.997304,0.998549,0.999243,0.999617,0.999812,0.99991,0.999958,0.999981,0.999992,0.999997,0.999999,0.999999,1,1,1,
0,0,0,0,0,0,0,0,0,0,0,0,0,0,0,0,0,0,0,0,0,0,0,0,0,0,0,0,0,0,0,0,0,0,0,0,0,0,0,0,0,0,0,0,0,0,0,0,0,0,1.22024e-11,3.43409e-10,4.80947e-09,4.47002e-08,3.10225e-07,1.71517e-06,7.8708e-06,3.08419e-05,0.000105375,0.000318978,0.000866448,0.00213401,0.00480724,0.00997836,0.0192081,0.034486,0.058044,0.0920152,0.137985,0.19654,0.26694,0.347032,0.433446,0.522048,0.608539,0.689064,0.760677,0.821599,0.871246,0.910049,0.939169,0.960175,0.974756,0.984503,0.990785,0.99469,0.997034,0.998394,0.999156,0.99957,0.999787,0.999898,0.999952,0.999978,0.99999,0.999996,0.999998,0.999999,1,1,1,
0,0,0,0,0,0,0,0,0,0,0,0,0,0,0,0,0,0,0,0,0,0,0,0,0,0,0,0,0,0,0,0,0,0,0,0,0,0,0,0,0,0,0,0,0,0,0,0,0,0,1.06771e-11,3.02008e-10,4.25121e-09,3.97139e-08,2.77034e-07,1.53955e-06,7.10134e-06,2.79705e-05,9.6058e-05,0.000292277,0.000798014,0.00197557,0.00447309,0.00933197,0.0180544,0.0325762,0.0550993,0.0877688,0.132239,0.18922,0.25814,0.337021,0.422644,0.510972,0.597728,0.678999,0.751725,0.813984,0.86504,0.905198,0.935529,0.957549,0.972933,0.983285,0.989999,0.994202,0.996741,0.998224,0.999061,0.999518,0.99976,0.999884,0.999945,0.999975,0.999989,0.999995,0.999998,0.999999,1,1,1,
0,0,0,0,0,0,0,0,0,0,0,0,0,0,0,0,0,0,0,0,0,0,0,0,0,0,0,0,0,0,0,0,0,0,0,0,0,0,0,0,0,0,0,0,0,0,0,0,0,0,9.34243e-12,2.65592e-10,3.75756e-09,3.5281e-08,2.47369e-07,1.38174e-06,6.40612e-06,2.53619e-05,8.75471e-05,0.00026775,0.000734797,0.00182837,0.0041609,0.00872461,0.0169641,0.030761,0.0522839,0.0836851,0.12668,0.182098,0.249525,0.327161,0.411942,0.499931,0.586884,0.66884,0.742634,0.806202,0.858658,0.900179,0.931737,0.954797,0.97101,0.981991,0.98916,0.993676,0.996424,0.998038,0.998956,0.999461,0.99973,0.999868,0.999938,0.999971,0.999987,0.999994,0.999998,0.999999,1,1,1,
0,0,0,0,0,0,0,0,0,0,0,0,0,0,0,0,0,0,0,0,0,0,0,0,0,0,0,0,0,0,0,0,0,0,0,0,0,0,0,0,0,0,0,0,0,0,0,0,0,0,8.17463e-12,2.33561e-10,3.32107e-09,3.13406e-08,2.20858e-07,1.23994e-06,5.77807e-06,2.29924e-05,7.97739e-05,0.000245225,0.000676416,0.00169167,0.00386933,0.00815414,0.0159341,0.0290364,0.0495935,0.0797599,0.121306,0.17517,0.241097,0.317456,0.401344,0.488933,0.576015,0.658595,0.73341,0.798256,0.852101,0.894989,0.927792,0.951914,0.968983,0.980618,0.988264,0.993112,0.99608,0.997836,0.998841,0.999398,0.999696,0.999851,0.999929,0.999967,0.999985,0.999994,0.999997,0.999999,1,1,1,
0,0,0,0,0,0,0,0,0,0,0,0,0,0,0,0,0,0,0,0,0,0,0,0,0,0,0,0,0,0,0,0,0,0,0,0,0,0,0,0,0,0,0,0,0,0,0,0,0,0,7.1528e-12,2.05387e-10,2.93513e-09,2.78382e-08,1.97168e-07,1.11256e-06,5.21081e-06,2.08406e-05,7.26762e-05,0.000224543,0.000622517,0.00156477,0.00359712,0.00761854,0.0149616,0.0273986,0.0470239,0.0759891,0.116112,0.168437,0.232856,0.307911,0.390858,0.477984,0.565129,0.648273,0.724058,0.79015,0.845371,0.889628,0.923692,0.948899,0.96685,0.979164,0.987308,0.992506,0.995709,0.997617,0.998716,0.999328,0.999659,0.999832,0.999919,0.999962,0.999983,0.999993,0.999997,0.999999,0.999999,1,1,
0,0,0,0,0,0,0,0,0,0,0,0,0,0,0,0,0,0,0,0,0,0,0,0,0,0,0,0,0,0,0,0,0,0,0,0,0,0,0,0,0,0,0,0,0,0,0,0,0,0,6.2587e-12,1.80608e-10,2.59391e-09,2.47253e-08,1.76002e-07,9.98133e-07,4.69852e-06,1.88869e-05,6.61968e-05,0.00020556,0.000572771,0.00144699,0.00334308,0.00711587,0.0140437,0.025844,0.0445707,0.0723685,0.111097,0.161897,0.224804,0.29853,0.38049,0.467093,0.554236,0.63788,0.714585,0.781889,0.838468,0.884096,0.919434,0.945748,0.964606,0.977625,0.98629,0.991856,0.995309,0.997378,0.998578,0.999252,0.999618,0.99981,0.999908,0.999957,0.99998,0.999991,0.999996,0.999998,0.999999,1,1,
0,0,0,0,0,0,0,0,0,0,0,0,0,0,0,0,0,0,0,0,0,0,0,0,0,0,0,0,0,0,0,0,0,0,0,0,0,0,0,0,0,0,0,0,0,0,0,0,0,0,5.47636e-12,1.58814e-10,2.29225e-09,2.19589e-08,1.57093e-07,8.95366e-07,4.23598e-06,1.71133e-05,6.0283e-05,0.000188139,0.000526869,0.00133771,0.00310607,0.00664427,0.0131778,0.0243689,0.0422299,0.0688938,0.106256,0.155547,0.21694,0.289314,0.370245,0.456268,0.543343,0.627424,0.704997,0.773476,0.831396,0.878392,0.915017,0.942459,0.962249,0.975997,0.985207,0.99116,0.994877,0.99712,0.998428,0.999168,0.999572,0.999786,0.999896,0.999951,0.999977,0.99999,0.999996,0.999998,0.999999,1,1,
0,0,0,0,0,0,0,0,0,0,0,0,0,0,0,0,0,0,0,0,0,0,0,0,0,0,0,0,0,0,0,0,0,0,0,0,0,0,0,0,0,0,0,0,0,0,0,0,0,0,4.79182e-12,1.39647e-10,2.02557e-09,1.95005e-08,1.40201e-07,8.03082e-07,3.8184e-06,1.55037e-05,5.48868e-05,0.000172157,0.000484528,0.00123635,0.00288502,0.00620199,0.0123611,0.02297,0.0399973,0.0655608,0.101586,0.149385,0.209266,0.280267,0.360128,0.445515,0.532459,0.616914,0.6953,0.764916,0.824156,0.872518,0.910439,0.939029,0.959775,0.974279,0.984056,0.990416,0.994413,0.996839,0.998265,0.999075,0.999521,0.999759,0.999882,0.999944,0.999974,0.999988,0.999995,0.999998,0.999999,1,1,
0,0,0,0,0,0,0,0,0,0,0,0,0,0,0,0,0,0,0,0,0,0,0,0,0,0,0,0,0,0,0,0,0,0,0,0,0,0,0,0,0,0,0,0,0,0,0,0,0,0,4.19284e-12,1.2279e-10,1.78983e-09,1.73162e-08,1.25113e-07,7.20222e-07,3.44148e-06,1.4043e-05,4.99639e-05,0.000157499,0.000445482,0.00114238,0.00267894,0.00578737,0.0115912,0.0216439,0.0378689,0.0623653,0.0970825,0.14341,0.201781,0.271392,0.350146,0.434842,0.521591,0.606357,0.685502,0.756214,0.816751,0.866472,0.905698,0.935455,0.957182,0.972466,0.982834,0.989621,0.993913,0.996536,0.998087,0.998974,0.999466,0.99973,0.999867,0.999936,0.99997,0.999987,0.999994,0.999997,0.999999,1,1,
0,0,0,0,0,0,0,0,0,0,0,0,0,0,0,0,0,0,0,0,0,0,0,0,0,0,0,0,0,0,0,0,0,0,0,0,0,0,0,0,0,0,0,0,0,0,0,0,0,0,3.66873e-12,1.07966e-10,1.58145e-09,1.53754e-08,1.11639e-07,6.45833e-07,3.10133e-06,1.27178e-05,4.54738e-05,0.000144057,0.000409484,0.00105526,0.00248687,0.00539882,0.0108657,0.0203873,0.0358407,0.0593033,0.0927429,0.137619,0.194485,0.262691,0.340301,0.424255,0.510747,0.595761,0.675609,0.747375,0.809184,0.860257,0.900795,0.931735,0.954466,0.970555,0.981538,0.988773,0.993377,0.996208,0.997893,0.998863,0.999404,0.999697,0.99985,0.999928,0.999966,0.999985,0.999993,0.999997,0.999999,0.999999,1,
0,0,0,0,0,0,0,0,0,0,0,0,0,0,0,0,0,0,0,0,0,0,0,0,0,0,0,0,0,0,0,0,0,0,0,0,0,0,0,0,0,0,0,0,0,0,0,0,0,0,3.21014e-12,9.49285e-11,1.39726e-09,1.36511e-08,9.96058e-08,5.79059e-07,2.79439e-06,1.15158e-05,4.13793e-05,0.000131734,0.000376305,0.000974542,0.00230792,0.00503482,0.0101823,0.0191971,0.0339091,0.0563705,0.0885629,0.13201,0.187377,0.254165,0.3306,0.413761,0.499936,0.585135,0.665628,0.738404,0.801457,0.853873,0.895728,0.927868,0.951625,0.968544,0.980165,0.987868,0.992801,0.995854,0.997682,0.998742,0.999336,0.99966,0.999831,0.999918,0.999961,0.999982,0.999992,0.999997,0.999999,0.999999,1,
0,0,0,0,0,0,0,0,0,0,0,0,0,0,0,0,0,0,0,0,0,0,0,0,0,0,0,0,0,0,0,0,0,0,0,0,0,0,0,0,0,0,0,0,0,0,0,0,0,0,2.80887e-12,8.34637e-11,1.23447e-09,1.21194e-08,8.88614e-08,5.19127e-07,2.51747e-06,1.04256e-05,3.76464e-05,0.00012044,0.000345734,0.000899762,0.00214125,0.00469396,0.00953891,0.0180703,0.0320701,0.0535628,0.0845389,0.126579,0.180456,0.245816,0.321046,0.403365,0.489164,0.574485,0.655566,0.729307,0.793576,0.847321,0.890496,0.92385,0.948655,0.966429,0.978712,0.986905,0.992184,0.995473,0.997454,0.998609,0.999262,0.99962,0.999809,0.999907,0.999956,0.99998,0.999991,0.999996,0.999998,0.999999,1,
0,0,0,0,0,0,0,0,0,0,0,0,0,0,0,0,0,0,0,0,0,0,0,0,0,0,0,0,0,0,0,0,0,0,0,0,0,0,0,0,0,0,0,0,0,0,0,0,0,0,2.45776e-12,7.33818e-11,1.0906e-09,1.07588e-08,7.92687e-08,4.65344e-07,2.26768e-06,9.43707e-06,3.42438e-05,0.00011009,0.000317572,0.000830509,0.00198606,0.00437487,0.00893329,0.0170039,0.0303201,0.0508762,0.0806669,0.121324,0.173721,0.237646,0.311642,0.393075,0.478439,0.56382,0.645431,0.720089,0.785542,0.840603,0.885099,0.919681,0.945554,0.964207,0.977177,0.985881,0.991525,0.995062,0.997206,0.998465,0.999181,0.999575,0.999786,0.999895,0.99995,0.999977,0.999989,0.999995,0.999998,0.999999,1,
0,0,0,0,0,0,0,0,0,0,0,0,0,0,0,0,0,0,0,0,0,0,0,0,0,0,0,0,0,0,0,0,0,0,0,0,0,0,0,0,0,0,0,0,0,0,0,0,0,0,2.15054e-12,6.45163e-11,9.63444e-10,9.55026e-09,7.07049e-08,4.17085e-07,2.04239e-06,8.5409e-06,3.11429e-05,0.00010061,0.000291637,0.000766392,0.00184162,0.00407627,0.00836349,0.015995,0.0286556,0.0483067,0.076943,0.116242,0.167171,0.229656,0.302393,0.382896,0.467769,0.553147,0.63523,0.710757,0.777361,0.83372,0.879537,0.915358,0.94232,0.961876,0.975556,0.984793,0.990819,0.994619,0.996938,0.998308,0.999091,0.999526,0.999759,0.999881,0.999943,0.999973,0.999988,0.999995,0.999998,0.999999,1,
0,0,0,0,0,0,0,0,0,0,0,0,0,0,0,0,0,0,0,0,0,0,0,0,0,0,0,0,0,0,0,0,0,0,0,0,0,0,0,0,0,0,0,0,0,0,0,0,0,0,1.88173e-12,5.67206e-11,8.51078e-10,8.47691e-09,6.30606e-08,3.73787e-07,1.83923e-06,7.72858e-06,2.83177e-05,9.19263e-05,0.000267759,0.000707047,0.00170721,0.00379694,0.00782758,0.0150411,0.027073,0.0458503,0.0733635,0.11133,0.160805,0.221845,0.2933,0.372833,0.45716,0.542475,0.624969,0.701316,0.769035,0.826675,0.87381,0.910881,0.93895,0.959431,0.973846,0.983639,0.990066,0.994144,0.996648,0.998136,0.998993,0.999471,0.99973,0.999866,0.999935,0.99997,0.999986,0.999994,0.999997,0.999999,1,
0,0,0,0,0,0,0,0,0,0,0,0,0,0,0,0,0,0,0,0,0,0,0,0,0,0,0,0,0,0,0,0,0,0,0,0,0,0,0,0,0,0,0,0,0,0,0,0,0,0,1.64651e-12,4.98657e-11,7.51783e-10,7.52368e-09,5.62376e-08,3.34946e-07,1.65605e-06,6.99241e-06,2.5744e-05,8.39752e-05,0.00024578,0.000652136,0.00158219,0.00353572,0.00732375,0.0141394,0.025569,0.0435031,0.0699243,0.106584,0.154621,0.214215,0.284369,0.362892,0.446619,0.53181,0.614658,0.691773,0.76057,0.81947,0.867918,0.906247,0.935441,0.956871,0.972044,0.982414,0.989262,0.993635,0.996335,0.99795,0.998886,0.999411,0.999698,0.999849,0.999927,0.999965,0.999984,0.999993,0.999997,0.999999,0.999999,
0,0,0,0,0,0,0,0,0,0,0,0,0,0,0,0,0,0,0,0,0,0,0,0,0,0,0,0,0,0,0,0,0,0,0,0,0,0,0,0,0,0,0,0,0,0,0,0,0,0,1.4407e-12,4.38383e-11,6.64044e-10,6.67719e-09,5.01484e-08,3.00108e-07,1.49091e-06,6.32537e-06,2.34001e-05,7.66963e-05,0.000225554,0.000601342,0.00146594,0.00329153,0.00685025,0.0132874,0.0241403,0.0412614,0.0666217,0.102001,0.148616,0.206766,0.275599,0.353076,0.436153,0.521161,0.604302,0.682133,0.751971,0.812108,0.861862,0.901456,0.931792,0.954192,0.970147,0.981118,0.988406,0.993088,0.995998,0.997748,0.998769,0.999346,0.999662,0.99983,0.999917,0.99996,0.999982,0.999992,0.999996,0.999998,0.999999,
0,0,0,0,0,0,0,0,0,0,0,0,0,0,0,0,0,0,0,0,0,0,0,0,0,0,0,0,0,0,0,0,0,0,0,0,0,0,0,0,0,0,0,0,0,0,0,0,0,0,1.26061e-12,3.85386e-11,5.86518e-10,5.92555e-09,4.47145e-08,2.68863e-07,1.34206e-06,5.72106e-06,2.12657e-05,7.00343e-05,0.000206947,0.000554368,0.00135786,0.00306333,0.00640541,0.0124828,0.0227837,0.0391212,0.0634516,0.0975789,0.142789,0.199497,0.266995,0.343392,0.425768,0.510535,0.593909,0.672405,0.743241,0.804591,0.855643,0.896507,0.928,0.951392,0.968153,0.979747,0.987495,0.992503,0.995634,0.99753,0.998641,0.999274,0.999622,0.999809,0.999906,0.999955,0.999979,0.99999,0.999996,0.999998,0.999999,
